Individual ID,"Gender(1=male,2=female)",Population,Superpopulation
HG00096,1,GBR,EUR
HG00097,2,GBR,EUR
HG00098,1,GBR,EUR
HG00099,2,GBR,EUR
HG00100,2,GBR,EUR
HG00101,1,GBR,EUR
HG00102,2,GBR,EUR
HG00103,1,GBR,EUR
HG00104,2,GBR,EUR
HG00105,1,GBR,EUR
HG00106,2,GBR,EUR
HG00107,1,GBR,EUR
HG00108,1,GBR,EUR
HG00109,1,GBR,EUR
HG00110,2,GBR,EUR
HG00111,2,GBR,EUR
HG00112,1,GBR,EUR
HG00113,1,GBR,EUR
HG00114,1,GBR,EUR
HG00115,1,GBR,EUR
HG00116,1,GBR,EUR
HG00117,1,GBR,EUR
HG00118,2,GBR,EUR
HG00119,1,GBR,EUR
HG00120,2,GBR,EUR
HG00121,2,GBR,EUR
HG00122,2,GBR,EUR
HG00123,2,GBR,EUR
HG00124,2,GBR,EUR
HG00125,2,GBR,EUR
HG00126,1,GBR,EUR
HG00127,2,GBR,EUR
HG00128,2,GBR,EUR
HG00129,1,GBR,EUR
HG00130,2,GBR,EUR
HG00131,1,GBR,EUR
HG00132,2,GBR,EUR
HG00133,2,GBR,EUR
HG00134,2,GBR,EUR
HG00135,2,GBR,EUR
HG00136,1,GBR,EUR
HG00137,2,GBR,EUR
HG00138,1,GBR,EUR
HG00139,1,GBR,EUR
HG00140,1,GBR,EUR
HG00141,1,GBR,EUR
HG00142,1,GBR,EUR
HG00143,1,GBR,EUR
HG00144,2,GBR,EUR
HG00145,1,GBR,EUR
HG00146,2,GBR,EUR
HG00147,2,GBR,EUR
HG00148,1,GBR,EUR
HG00149,1,GBR,EUR
HG00150,2,GBR,EUR
HG00151,1,GBR,EUR
HG00152,1,GBR,EUR
HG00153,2,GBR,EUR
HG00154,2,GBR,EUR
HG00155,1,GBR,EUR
HG00156,1,GBR,EUR
HG00157,1,GBR,EUR
HG00158,2,GBR,EUR
HG00159,1,GBR,EUR
HG00160,1,GBR,EUR
HG00171,2,FIN,EUR
HG00173,2,FIN,EUR
HG00174,2,FIN,EUR
HG00176,2,FIN,EUR
HG00177,2,FIN,EUR
HG00178,2,FIN,EUR
HG00179,2,FIN,EUR
HG00180,2,FIN,EUR
HG00181,1,FIN,EUR
HG00182,1,FIN,EUR
HG00183,1,FIN,EUR
HG00185,1,FIN,EUR
HG00186,1,FIN,EUR
HG00187,1,FIN,EUR
HG00188,1,FIN,EUR
HG00189,1,FIN,EUR
HG00190,1,FIN,EUR
HG00231,2,GBR,EUR
HG00232,2,GBR,EUR
HG00233,2,GBR,EUR
HG00234,1,GBR,EUR
HG00235,2,GBR,EUR
HG00236,2,GBR,EUR
HG00237,2,GBR,EUR
HG00238,2,GBR,EUR
HG00239,2,GBR,EUR
HG00240,2,GBR,EUR
HG00242,1,GBR,EUR
HG00243,1,GBR,EUR
HG00244,1,GBR,EUR
HG00245,2,GBR,EUR
HG00246,1,GBR,EUR
HG00247,2,GBR,EUR
HG00248,2,GBR,EUR
HG00249,2,GBR,EUR
HG00250,2,GBR,EUR
HG00251,1,GBR,EUR
HG00252,1,GBR,EUR
HG00253,2,GBR,EUR
HG00254,2,GBR,EUR
HG00255,2,GBR,EUR
HG00256,1,GBR,EUR
HG00257,2,GBR,EUR
HG00258,2,GBR,EUR
HG00259,2,GBR,EUR
HG00260,1,GBR,EUR
HG00261,2,GBR,EUR
HG00262,2,GBR,EUR
HG00263,2,GBR,EUR
HG00264,1,GBR,EUR
HG00265,1,GBR,EUR
HG00266,2,FIN,EUR
HG00267,1,FIN,EUR
HG00268,2,FIN,EUR
HG00269,2,FIN,EUR
HG00270,2,FIN,EUR
HG00271,1,FIN,EUR
HG00272,2,FIN,EUR
HG00273,1,FIN,EUR
HG00274,2,FIN,EUR
HG00275,2,FIN,EUR
HG00276,2,FIN,EUR
HG00277,1,FIN,EUR
HG00278,1,FIN,EUR
HG00280,1,FIN,EUR
HG00281,2,FIN,EUR
HG00282,2,FIN,EUR
HG00284,1,FIN,EUR
HG00285,2,FIN,EUR
HG00288,2,FIN,EUR
HG00290,1,FIN,EUR
HG00302,2,FIN,EUR
HG00303,1,FIN,EUR
HG00304,2,FIN,EUR
HG00306,2,FIN,EUR
HG00308,1,FIN,EUR
HG00309,2,FIN,EUR
HG00310,1,FIN,EUR
HG00311,1,FIN,EUR
HG00312,1,FIN,EUR
HG00313,2,FIN,EUR
HG00315,2,FIN,EUR
HG00318,2,FIN,EUR
HG00319,2,FIN,EUR
HG00320,2,FIN,EUR
HG00321,1,FIN,EUR
HG00323,2,FIN,EUR
HG00324,2,FIN,EUR
HG00325,1,FIN,EUR
HG00326,2,FIN,EUR
HG00327,2,FIN,EUR
HG00328,2,FIN,EUR
HG00329,1,FIN,EUR
HG00330,2,FIN,EUR
HG00331,2,FIN,EUR
HG00332,2,FIN,EUR
HG00334,2,FIN,EUR
HG00335,1,FIN,EUR
HG00336,1,FIN,EUR
HG00337,2,FIN,EUR
HG00338,1,FIN,EUR
HG00339,2,FIN,EUR
HG00341,1,FIN,EUR
HG00342,1,FIN,EUR
HG00343,2,FIN,EUR
HG00344,2,FIN,EUR
HG00345,1,FIN,EUR
HG00346,2,FIN,EUR
HG00349,2,FIN,EUR
HG00350,2,FIN,EUR
HG00351,1,FIN,EUR
HG00353,2,FIN,EUR
HG00355,2,FIN,EUR
HG00356,2,FIN,EUR
HG00357,2,FIN,EUR
HG00358,1,FIN,EUR
HG00359,2,FIN,EUR
HG00360,1,FIN,EUR
HG00361,2,FIN,EUR
HG00362,2,FIN,EUR
HG00364,2,FIN,EUR
HG00365,2,FIN,EUR
HG00366,1,FIN,EUR
HG00367,2,FIN,EUR
HG00368,2,FIN,EUR
HG00369,1,FIN,EUR
HG00371,1,FIN,EUR
HG00372,1,FIN,EUR
HG00373,2,FIN,EUR
HG00375,1,FIN,EUR
HG00376,2,FIN,EUR
HG00377,2,FIN,EUR
HG00378,2,FIN,EUR
HG00379,2,FIN,EUR
HG00380,2,FIN,EUR
HG00381,2,FIN,EUR
HG00382,1,FIN,EUR
HG00383,2,FIN,EUR
HG00384,2,FIN,EUR
HG00403,1,CHS,EAS
HG00404,2,CHS,EAS
HG00405,2,CHS,EAS
HG00406,1,CHS,EAS
HG00407,2,CHS,EAS
HG00408,2,CHS,EAS
HG00409,1,CHS,EAS
HG00410,2,CHS,EAS
HG00411,1,CHS,EAS
HG00418,1,CHS,EAS
HG00419,2,CHS,EAS
HG00420,1,CHS,EAS
HG00421,1,CHS,EAS
HG00422,2,CHS,EAS
HG00423,2,CHS,EAS
HG00427,1,CHS,EAS
HG00428,2,CHS,EAS
HG00429,1,CHS,EAS
HG00436,1,CHS,EAS
HG00437,2,CHS,EAS
HG00438,2,CHS,EAS
HG00442,1,CHS,EAS
HG00443,2,CHS,EAS
HG00444,1,CHS,EAS
HG00445,1,CHS,EAS
HG00446,2,CHS,EAS
HG00447,2,CHS,EAS
HG00448,1,CHS,EAS
HG00449,2,CHS,EAS
HG00450,2,CHS,EAS
HG00451,1,CHS,EAS
HG00452,2,CHS,EAS
HG00453,2,CHS,EAS
HG00457,1,CHS,EAS
HG00458,2,CHS,EAS
HG00459,1,CHS,EAS
HG00463,1,CHS,EAS
HG00464,2,CHS,EAS
HG00465,1,CHS,EAS
HG00472,1,CHS,EAS
HG00473,2,CHS,EAS
HG00474,1,CHS,EAS
HG00475,1,CHS,EAS
HG00476,2,CHS,EAS
HG00477,1,CHS,EAS
HG00478,1,CHS,EAS
HG00479,2,CHS,EAS
HG00480,1,CHS,EAS
HG00500,1,CHS,EAS
HG00501,2,CHS,EAS
HG00502,1,CHS,EAS
HG00512,1,CHS,EAS
HG00513,2,CHS,EAS
HG00514,2,CHS,EAS
HG00524,1,CHS,EAS
HG00525,2,CHS,EAS
HG00526,1,CHS,EAS
HG00530,1,CHS,EAS
HG00531,2,CHS,EAS
HG00532,1,CHS,EAS
HG00533,1,CHS,EAS
HG00534,2,CHS,EAS
HG00535,1,CHS,EAS
HG00536,1,CHS,EAS
HG00537,2,CHS,EAS
HG00538,1,CHS,EAS
HG00542,1,CHS,EAS
HG00543,2,CHS,EAS
HG00544,2,CHS,EAS
HG00551,2,PUR,AMR
HG00552,1,PUR,AMR
HG00553,1,PUR,AMR
HG00554,2,PUR,AMR
HG00555,2,PUR,AMR
HG00556,1,CHS,EAS
HG00557,2,CHS,EAS
HG00558,2,CHS,EAS
HG00559,1,CHS,EAS
HG00560,2,CHS,EAS
HG00561,2,CHS,EAS
HG00565,1,CHS,EAS
HG00566,2,CHS,EAS
HG00567,1,CHS,EAS
HG00577,1,CHS,EAS
HG00578,2,CHS,EAS
HG00579,2,CHS,EAS
HG00580,1,CHS,EAS
HG00581,2,CHS,EAS
HG00582,2,CHS,EAS
HG00583,1,CHS,EAS
HG00584,2,CHS,EAS
HG00585,2,CHS,EAS
HG00589,1,CHS,EAS
HG00590,2,CHS,EAS
HG00591,1,CHS,EAS
HG00592,1,CHS,EAS
HG00593,2,CHS,EAS
HG00594,1,CHS,EAS
HG00595,1,CHS,EAS
HG00596,2,CHS,EAS
HG00597,2,CHS,EAS
HG00598,1,CHS,EAS
HG00599,2,CHS,EAS
HG00600,2,CHS,EAS
HG00607,1,CHS,EAS
HG00608,2,CHS,EAS
HG00609,1,CHS,EAS
HG00610,1,CHS,EAS
HG00611,2,CHS,EAS
HG00612,2,CHS,EAS
HG00613,1,CHS,EAS
HG00614,2,CHS,EAS
HG00615,2,CHS,EAS
HG00619,1,CHS,EAS
HG00620,2,CHS,EAS
HG00621,1,CHS,EAS
HG00622,1,CHS,EAS
HG00623,2,CHS,EAS
HG00624,1,CHS,EAS
HG00625,1,CHS,EAS
HG00626,2,CHS,EAS
HG00627,1,CHS,EAS
HG00628,1,CHS,EAS
HG00629,2,CHS,EAS
HG00630,1,CHS,EAS
HG00631,1,CHS,EAS
HG00632,2,CHS,EAS
HG00633,1,CHS,EAS
HG00634,1,CHS,EAS
HG00635,2,CHS,EAS
HG00636,1,CHS,EAS
HG00637,1,PUR,AMR
HG00638,2,PUR,AMR
HG00639,2,PUR,AMR
HG00640,1,PUR,AMR
HG00641,2,PUR,AMR
HG00642,1,PUR,AMR
HG00650,1,CHS,EAS
HG00651,2,CHS,EAS
HG00652,2,CHS,EAS
HG00653,1,CHS,EAS
HG00654,2,CHS,EAS
HG00655,2,CHS,EAS
HG00656,1,CHS,EAS
HG00657,2,CHS,EAS
HG00658,1,CHS,EAS
HG00662,1,CHS,EAS
HG00663,2,CHS,EAS
HG00664,1,CHS,EAS
HG00671,1,CHS,EAS
HG00672,2,CHS,EAS
HG00673,1,CHS,EAS
HG00674,1,CHS,EAS
HG00675,2,CHS,EAS
HG00676,1,CHS,EAS
HG00683,1,CHS,EAS
HG00684,2,CHS,EAS
HG00685,1,CHS,EAS
HG00689,1,CHS,EAS
HG00690,2,CHS,EAS
HG00691,1,CHS,EAS
HG00692,1,CHS,EAS
HG00693,2,CHS,EAS
HG00694,1,CHS,EAS
HG00698,1,CHS,EAS
HG00699,2,CHS,EAS
HG00700,2,CHS,EAS
HG00701,1,CHS,EAS
HG00702,2,CHS,EAS
HG00703,1,CHS,EAS
HG00704,1,CHS,EAS
HG00705,2,CHS,EAS
HG00706,1,CHS,EAS
HG00707,1,CHS,EAS
HG00708,2,CHS,EAS
HG00709,1,CHS,EAS
HG00716,1,CHS,EAS
HG00717,2,CHS,EAS
HG00718,1,CHS,EAS
HG00728,1,CHS,EAS
HG00729,2,CHS,EAS
HG00730,2,CHS,EAS
HG00731,1,PUR,AMR
HG00732,2,PUR,AMR
HG00733,2,PUR,AMR
HG00734,2,PUR,AMR
HG00735,2,PUR,AMR
HG00736,1,PUR,AMR
HG00737,2,PUR,AMR
HG00738,1,PUR,AMR
HG00739,1,PUR,AMR
HG00740,2,PUR,AMR
HG00741,2,PUR,AMR
HG00742,1,PUR,AMR
HG00743,2,PUR,AMR
HG00759,2,CDX,EAS
HG00766,2,CDX,EAS
HG00844,1,CDX,EAS
HG00851,2,CDX,EAS
HG00864,2,CDX,EAS
HG00866,1,CDX,EAS
HG00867,2,CDX,EAS
HG00879,2,CDX,EAS
HG00881,1,CDX,EAS
HG00956,2,CDX,EAS
HG00978,2,CDX,EAS
HG00982,1,CDX,EAS
HG00983,1,CDX,EAS
HG01028,1,CDX,EAS
HG01029,2,CDX,EAS
HG01031,1,CDX,EAS
HG01046,2,CDX,EAS
HG01047,1,PUR,AMR
HG01048,1,PUR,AMR
HG01049,2,PUR,AMR
HG01050,2,PUR,AMR
HG01051,1,PUR,AMR
HG01052,2,PUR,AMR
HG01053,2,PUR,AMR
HG01054,1,PUR,AMR
HG01055,2,PUR,AMR
HG01056,1,PUR,AMR
HG01058,2,PUR,AMR
HG01060,1,PUR,AMR
HG01061,2,PUR,AMR
HG01062,2,PUR,AMR
HG01063,1,PUR,AMR
HG01064,2,PUR,AMR
HG01066,1,PUR,AMR
HG01067,2,PUR,AMR
HG01068,2,PUR,AMR
HG01069,1,PUR,AMR
HG01070,2,PUR,AMR
HG01071,2,PUR,AMR
HG01072,1,PUR,AMR
HG01073,2,PUR,AMR
HG01074,1,PUR,AMR
HG01075,1,PUR,AMR
HG01077,2,PUR,AMR
HG01079,1,PUR,AMR
HG01080,2,PUR,AMR
HG01081,2,PUR,AMR
HG01082,1,PUR,AMR
HG01083,2,PUR,AMR
HG01084,2,PUR,AMR
HG01085,1,PUR,AMR
HG01086,2,PUR,AMR
HG01087,2,PUR,AMR
HG01088,1,PUR,AMR
HG01089,2,PUR,AMR
HG01090,1,PUR,AMR
HG01092,2,PUR,AMR
HG01094,1,PUR,AMR
HG01095,2,PUR,AMR
HG01096,1,PUR,AMR
HG01097,1,PUR,AMR
HG01098,2,PUR,AMR
HG01099,1,PUR,AMR
HG01100,2,PUR,AMR
HG01101,1,PUR,AMR
HG01102,2,PUR,AMR
HG01103,2,PUR,AMR
HG01104,1,PUR,AMR
HG01105,2,PUR,AMR
HG01106,1,PUR,AMR
HG01107,1,PUR,AMR
HG01108,2,PUR,AMR
HG01109,1,PUR,AMR
HG01110,1,PUR,AMR
HG01111,2,PUR,AMR
HG01112,1,CLM,AMR
HG01113,2,CLM,AMR
HG01114,2,CLM,AMR
HG01119,2,CLM,AMR
HG01121,1,CLM,AMR
HG01122,2,CLM,AMR
HG01123,2,CLM,AMR
HG01124,1,CLM,AMR
HG01125,2,CLM,AMR
HG01126,1,CLM,AMR
HG01130,1,CLM,AMR
HG01131,2,CLM,AMR
HG01133,1,CLM,AMR
HG01134,2,CLM,AMR
HG01135,1,CLM,AMR
HG01136,1,CLM,AMR
HG01137,2,CLM,AMR
HG01138,1,CLM,AMR
HG01139,1,CLM,AMR
HG01140,2,CLM,AMR
HG01141,2,CLM,AMR
HG01142,1,CLM,AMR
HG01148,1,CLM,AMR
HG01149,2,CLM,AMR
HG01150,2,CLM,AMR
HG01161,1,PUR,AMR
HG01162,2,PUR,AMR
HG01164,1,PUR,AMR
HG01167,1,PUR,AMR
HG01168,2,PUR,AMR
HG01169,2,PUR,AMR
HG01170,1,PUR,AMR
HG01171,2,PUR,AMR
HG01172,1,PUR,AMR
HG01173,1,PUR,AMR
HG01174,2,PUR,AMR
HG01175,2,PUR,AMR
HG01176,1,PUR,AMR
HG01177,2,PUR,AMR
HG01178,1,PUR,AMR
HG01182,1,PUR,AMR
HG01183,2,PUR,AMR
HG01184,2,PUR,AMR
HG01187,1,PUR,AMR
HG01188,2,PUR,AMR
HG01189,1,PUR,AMR
HG01190,1,PUR,AMR
HG01191,2,PUR,AMR
HG01192,1,PUR,AMR
HG01195,2,PUR,AMR
HG01197,1,PUR,AMR
HG01198,2,PUR,AMR
HG01199,1,PUR,AMR
HG01200,1,PUR,AMR
HG01204,1,PUR,AMR
HG01205,2,PUR,AMR
HG01206,1,PUR,AMR
HG01241,1,PUR,AMR
HG01242,2,PUR,AMR
HG01243,1,PUR,AMR
HG01247,1,PUR,AMR
HG01248,2,PUR,AMR
HG01249,2,PUR,AMR
HG01250,1,CLM,AMR
HG01251,2,CLM,AMR
HG01252,1,CLM,AMR
HG01253,1,CLM,AMR
HG01254,2,CLM,AMR
HG01255,1,CLM,AMR
HG01256,1,CLM,AMR
HG01257,2,CLM,AMR
HG01258,1,CLM,AMR
HG01259,1,CLM,AMR
HG01260,2,CLM,AMR
HG01261,1,CLM,AMR
HG01269,2,CLM,AMR
HG01271,1,CLM,AMR
HG01272,2,CLM,AMR
HG01273,1,CLM,AMR
HG01274,1,CLM,AMR
HG01275,2,CLM,AMR
HG01276,2,CLM,AMR
HG01277,1,CLM,AMR
HG01278,2,CLM,AMR
HG01279,2,CLM,AMR
HG01280,1,CLM,AMR
HG01281,2,CLM,AMR
HG01284,2,CLM,AMR
HG01286,1,PUR,AMR
HG01301,2,PUR,AMR
HG01302,1,PUR,AMR
HG01303,2,PUR,AMR
HG01305,1,PUR,AMR
HG01308,1,PUR,AMR
HG01311,1,PUR,AMR
HG01312,2,PUR,AMR
HG01322,1,PUR,AMR
HG01323,2,PUR,AMR
HG01324,2,PUR,AMR
HG01325,1,PUR,AMR
HG01326,2,PUR,AMR
HG01327,1,PUR,AMR
HG01334,1,GBR,EUR
HG01341,1,CLM,AMR
HG01342,2,CLM,AMR
HG01343,2,CLM,AMR
HG01344,1,CLM,AMR
HG01345,2,CLM,AMR
HG01346,2,CLM,AMR
HG01347,1,CLM,AMR
HG01348,2,CLM,AMR
HG01349,2,CLM,AMR
HG01350,1,CLM,AMR
HG01351,2,CLM,AMR
HG01352,2,CLM,AMR
HG01353,1,CLM,AMR
HG01354,2,CLM,AMR
HG01355,2,CLM,AMR
HG01356,1,CLM,AMR
HG01357,2,CLM,AMR
HG01358,1,CLM,AMR
HG01359,1,CLM,AMR
HG01360,2,CLM,AMR
HG01361,2,CLM,AMR
HG01362,1,CLM,AMR
HG01363,2,CLM,AMR
HG01364,2,CLM,AMR
HG01365,1,CLM,AMR
HG01366,2,CLM,AMR
HG01367,2,CLM,AMR
HG01369,2,CLM,AMR
HG01372,2,CLM,AMR
HG01374,1,CLM,AMR
HG01375,2,CLM,AMR
HG01376,2,CLM,AMR
HG01377,1,CLM,AMR
HG01378,2,CLM,AMR
HG01379,2,CLM,AMR
HG01383,1,CLM,AMR
HG01384,2,CLM,AMR
HG01385,2,CLM,AMR
HG01389,1,CLM,AMR
HG01390,2,CLM,AMR
HG01391,2,CLM,AMR
HG01392,1,PUR,AMR
HG01393,2,PUR,AMR
HG01394,2,PUR,AMR
HG01395,1,PUR,AMR
HG01396,2,PUR,AMR
HG01397,2,PUR,AMR
HG01398,1,PUR,AMR
HG01402,1,PUR,AMR
HG01403,2,PUR,AMR
HG01404,2,PUR,AMR
HG01405,1,PUR,AMR
HG01411,1,PUR,AMR
HG01412,1,PUR,AMR
HG01413,1,PUR,AMR
HG01414,2,PUR,AMR
HG01415,2,PUR,AMR
HG01431,1,CLM,AMR
HG01432,2,CLM,AMR
HG01433,1,CLM,AMR
HG01435,2,CLM,AMR
HG01437,1,CLM,AMR
HG01438,2,CLM,AMR
HG01439,2,CLM,AMR
HG01440,1,CLM,AMR
HG01441,2,CLM,AMR
HG01442,1,CLM,AMR
HG01443,1,CLM,AMR
HG01444,2,CLM,AMR
HG01445,1,CLM,AMR
HG01447,2,CLM,AMR
HG01452,1,CLM,AMR
HG01453,2,CLM,AMR
HG01454,2,CLM,AMR
HG01455,1,CLM,AMR
HG01456,2,CLM,AMR
HG01457,1,CLM,AMR
HG01459,2,CLM,AMR
HG01461,1,CLM,AMR
HG01462,2,CLM,AMR
HG01463,2,CLM,AMR
HG01464,1,CLM,AMR
HG01465,2,CLM,AMR
HG01466,2,CLM,AMR
HG01468,2,CLM,AMR
HG01471,2,CLM,AMR
HG01473,1,CLM,AMR
HG01474,2,CLM,AMR
HG01477,2,CLM,AMR
HG01479,1,CLM,AMR
HG01480,2,CLM,AMR
HG01481,2,CLM,AMR
HG01482,1,CLM,AMR
HG01483,2,CLM,AMR
HG01484,2,CLM,AMR
HG01485,1,CLM,AMR
HG01486,2,CLM,AMR
HG01487,2,CLM,AMR
HG01488,1,CLM,AMR
HG01489,2,CLM,AMR
HG01490,2,CLM,AMR
HG01491,1,CLM,AMR
HG01492,2,CLM,AMR
HG01493,2,CLM,AMR
HG01494,1,CLM,AMR
HG01495,2,CLM,AMR
HG01496,2,CLM,AMR
HG01497,1,CLM,AMR
HG01498,2,CLM,AMR
HG01499,1,CLM,AMR
HG01500,1,IBS,EUR
HG01501,2,IBS,EUR
HG01502,1,IBS,EUR
HG01503,1,IBS,EUR
HG01504,2,IBS,EUR
HG01505,1,IBS,EUR
HG01506,1,IBS,EUR
HG01507,2,IBS,EUR
HG01508,1,IBS,EUR
HG01509,1,IBS,EUR
HG01510,2,IBS,EUR
HG01511,2,IBS,EUR
HG01512,1,IBS,EUR
HG01513,2,IBS,EUR
HG01514,2,IBS,EUR
HG01515,1,IBS,EUR
HG01516,2,IBS,EUR
HG01517,2,IBS,EUR
HG01518,1,IBS,EUR
HG01519,2,IBS,EUR
HG01520,2,IBS,EUR
HG01521,1,IBS,EUR
HG01522,2,IBS,EUR
HG01523,1,IBS,EUR
HG01524,1,IBS,EUR
HG01525,2,IBS,EUR
HG01526,1,IBS,EUR
HG01527,1,IBS,EUR
HG01528,2,IBS,EUR
HG01529,1,IBS,EUR
HG01530,1,IBS,EUR
HG01531,2,IBS,EUR
HG01532,1,IBS,EUR
HG01536,1,IBS,EUR
HG01537,2,IBS,EUR
HG01538,2,IBS,EUR
HG01550,1,CLM,AMR
HG01551,2,CLM,AMR
HG01552,1,CLM,AMR
HG01556,1,CLM,AMR
HG01565,1,PEL,AMR
HG01566,2,PEL,AMR
HG01567,2,PEL,AMR
HG01571,1,PEL,AMR
HG01572,2,PEL,AMR
HG01573,2,PEL,AMR
HG01577,1,PEL,AMR
HG01578,2,PEL,AMR
HG01579,1,PEL,AMR
HG01583,1,PJL,SAS
HG01586,1,PJL,SAS
HG01589,1,PJL,SAS
HG01590,2,PJL,SAS
HG01593,2,PJL,SAS
HG01594,1,PJL,SAS
HG01595,2,KHV,EAS
HG01596,1,KHV,EAS
HG01597,2,KHV,EAS
HG01598,2,KHV,EAS
HG01599,2,KHV,EAS
HG01600,2,KHV,EAS
HG01601,1,IBS,EUR
HG01602,2,IBS,EUR
HG01603,1,IBS,EUR
HG01604,2,IBS,EUR
HG01605,2,IBS,EUR
HG01606,1,IBS,EUR
HG01607,2,IBS,EUR
HG01608,1,IBS,EUR
HG01609,1,IBS,EUR
HG01610,1,IBS,EUR
HG01611,1,IBS,EUR
HG01612,2,IBS,EUR
HG01613,2,IBS,EUR
HG01614,2,IBS,EUR
HG01615,1,IBS,EUR
HG01616,2,IBS,EUR
HG01617,1,IBS,EUR
HG01618,2,IBS,EUR
HG01619,1,IBS,EUR
HG01620,2,IBS,EUR
HG01621,1,IBS,EUR
HG01622,2,IBS,EUR
HG01623,2,IBS,EUR
HG01624,1,IBS,EUR
HG01625,1,IBS,EUR
HG01626,2,IBS,EUR
HG01627,1,IBS,EUR
HG01628,2,IBS,EUR
HG01629,1,IBS,EUR
HG01630,1,IBS,EUR
HG01631,1,IBS,EUR
HG01632,2,IBS,EUR
HG01633,1,IBS,EUR
HG01667,1,IBS,EUR
HG01668,2,IBS,EUR
HG01669,1,IBS,EUR
HG01670,2,IBS,EUR
HG01671,1,IBS,EUR
HG01672,1,IBS,EUR
HG01673,2,IBS,EUR
HG01674,1,IBS,EUR
HG01675,1,IBS,EUR
HG01676,2,IBS,EUR
HG01677,2,IBS,EUR
HG01678,1,IBS,EUR
HG01679,2,IBS,EUR
HG01680,1,IBS,EUR
HG01681,2,IBS,EUR
HG01682,1,IBS,EUR
HG01683,1,IBS,EUR
HG01684,2,IBS,EUR
HG01685,2,IBS,EUR
HG01686,1,IBS,EUR
HG01687,2,IBS,EUR
HG01694,1,IBS,EUR
HG01695,2,IBS,EUR
HG01696,1,IBS,EUR
HG01697,2,IBS,EUR
HG01698,1,IBS,EUR
HG01699,1,IBS,EUR
HG01700,1,IBS,EUR
HG01701,1,IBS,EUR
HG01702,2,IBS,EUR
HG01703,1,IBS,EUR
HG01704,2,IBS,EUR
HG01705,1,IBS,EUR
HG01706,2,IBS,EUR
HG01707,2,IBS,EUR
HG01708,1,IBS,EUR
HG01709,1,IBS,EUR
HG01710,2,IBS,EUR
HG01711,2,IBS,EUR
HG01746,2,IBS,EUR
HG01747,1,IBS,EUR
HG01748,1,IBS,EUR
HG01755,2,IBS,EUR
HG01756,1,IBS,EUR
HG01757,2,IBS,EUR
HG01761,1,IBS,EUR
HG01762,2,IBS,EUR
HG01763,2,IBS,EUR
HG01764,2,IBS,EUR
HG01765,1,IBS,EUR
HG01766,2,IBS,EUR
HG01767,1,IBS,EUR
HG01768,2,IBS,EUR
HG01769,2,IBS,EUR
HG01770,2,IBS,EUR
HG01771,1,IBS,EUR
HG01772,2,IBS,EUR
HG01773,2,IBS,EUR
HG01774,1,IBS,EUR
HG01775,1,IBS,EUR
HG01776,2,IBS,EUR
HG01777,1,IBS,EUR
HG01778,1,IBS,EUR
HG01779,2,IBS,EUR
HG01780,1,IBS,EUR
HG01781,1,IBS,EUR
HG01782,2,IBS,EUR
HG01783,1,IBS,EUR
HG01784,2,IBS,EUR
HG01785,1,IBS,EUR
HG01786,2,IBS,EUR
HG01787,2,IBS,EUR
HG01789,1,GBR,EUR
HG01790,2,GBR,EUR
HG01791,1,GBR,EUR
HG01794,2,CDX,EAS
HG01795,2,CDX,EAS
HG01796,2,CDX,EAS
HG01797,2,CDX,EAS
HG01798,2,CDX,EAS
HG01799,2,CDX,EAS
HG01800,2,CDX,EAS
HG01801,2,CDX,EAS
HG01802,2,CDX,EAS
HG01804,2,CDX,EAS
HG01805,2,CDX,EAS
HG01806,2,CDX,EAS
HG01807,2,CDX,EAS
HG01808,2,CDX,EAS
HG01809,2,CDX,EAS
HG01810,1,CDX,EAS
HG01811,1,CDX,EAS
HG01812,2,CDX,EAS
HG01813,2,CDX,EAS
HG01815,2,CDX,EAS
HG01816,1,CDX,EAS
HG01817,2,CDX,EAS
HG01840,1,KHV,EAS
HG01841,2,KHV,EAS
HG01842,1,KHV,EAS
HG01843,2,KHV,EAS
HG01844,1,KHV,EAS
HG01845,2,KHV,EAS
HG01846,1,KHV,EAS
HG01847,2,KHV,EAS
HG01848,2,KHV,EAS
HG01849,1,KHV,EAS
HG01850,2,KHV,EAS
HG01851,2,KHV,EAS
HG01852,1,KHV,EAS
HG01853,2,KHV,EAS
HG01855,2,KHV,EAS
HG01857,2,KHV,EAS
HG01858,2,KHV,EAS
HG01859,2,KHV,EAS
HG01860,1,KHV,EAS
HG01861,1,KHV,EAS
HG01862,2,KHV,EAS
HG01863,2,KHV,EAS
HG01864,1,KHV,EAS
HG01865,1,KHV,EAS
HG01866,1,KHV,EAS
HG01867,1,KHV,EAS
HG01868,2,KHV,EAS
HG01869,2,KHV,EAS
HG01870,2,KHV,EAS
HG01871,2,KHV,EAS
HG01872,1,KHV,EAS
HG01873,1,KHV,EAS
HG01874,2,KHV,EAS
HG01878,2,KHV,EAS
HG01879,1,ACB,AFR
HG01880,2,ACB,AFR
HG01881,2,ACB,AFR
HG01882,1,ACB,AFR
HG01883,2,ACB,AFR
HG01884,2,ACB,AFR
HG01885,1,ACB,AFR
HG01886,2,ACB,AFR
HG01887,1,ACB,AFR
HG01888,1,ACB,AFR
HG01889,2,ACB,AFR
HG01890,1,ACB,AFR
HG01891,2,ACB,AFR
HG01892,1,PEL,AMR
HG01893,2,PEL,AMR
HG01894,2,ACB,AFR
HG01895,1,ACB,AFR
HG01896,2,ACB,AFR
HG01897,1,ACB,AFR
HG01898,2,PEL,AMR
HG01912,1,ACB,AFR
HG01914,1,ACB,AFR
HG01915,2,ACB,AFR
HG01916,2,ACB,AFR
HG01917,1,PEL,AMR
HG01918,2,PEL,AMR
HG01919,2,PEL,AMR
HG01920,1,PEL,AMR
HG01921,2,PEL,AMR
HG01922,2,PEL,AMR
HG01923,1,PEL,AMR
HG01924,2,PEL,AMR
HG01925,2,PEL,AMR
HG01926,1,PEL,AMR
HG01927,2,PEL,AMR
HG01928,1,PEL,AMR
HG01932,1,PEL,AMR
HG01933,2,PEL,AMR
HG01934,1,PEL,AMR
HG01935,1,PEL,AMR
HG01936,2,PEL,AMR
HG01937,1,PEL,AMR
HG01938,1,PEL,AMR
HG01939,2,PEL,AMR
HG01940,2,PEL,AMR
HG01941,1,PEL,AMR
HG01942,2,PEL,AMR
HG01943,1,PEL,AMR
HG01944,1,PEL,AMR
HG01945,2,PEL,AMR
HG01946,1,PEL,AMR
HG01947,1,PEL,AMR
HG01948,2,PEL,AMR
HG01949,2,PEL,AMR
HG01950,1,PEL,AMR
HG01951,2,PEL,AMR
HG01952,1,PEL,AMR
HG01953,1,PEL,AMR
HG01954,2,PEL,AMR
HG01955,2,PEL,AMR
HG01956,2,ACB,AFR
HG01958,2,ACB,AFR
HG01959,2,ACB,AFR
HG01960,2,ACB,AFR
HG01961,1,PEL,AMR
HG01965,2,PEL,AMR
HG01967,1,PEL,AMR
HG01968,2,PEL,AMR
HG01969,2,PEL,AMR
HG01970,1,PEL,AMR
HG01971,2,PEL,AMR
HG01972,2,PEL,AMR
HG01973,2,PEL,AMR
HG01974,1,PEL,AMR
HG01975,2,PEL,AMR
HG01976,2,PEL,AMR
HG01977,1,PEL,AMR
HG01978,2,PEL,AMR
HG01979,1,PEL,AMR
HG01980,2,PEL,AMR
HG01981,2,PEL,AMR
HG01982,1,PEL,AMR
HG01983,2,PEL,AMR
HG01984,1,PEL,AMR
HG01985,2,ACB,AFR
HG01986,1,ACB,AFR
HG01987,1,ACB,AFR
HG01988,1,ACB,AFR
HG01989,2,ACB,AFR
HG01990,1,ACB,AFR
HG01991,1,PEL,AMR
HG01992,2,PEL,AMR
HG01993,2,PEL,AMR
HG01995,2,PEL,AMR
HG01997,2,PEL,AMR
HG01998,1,PEL,AMR
HG02002,1,PEL,AMR
HG02003,2,PEL,AMR
HG02004,2,PEL,AMR
HG02006,2,PEL,AMR
HG02008,1,PEL,AMR
HG02009,1,ACB,AFR
HG02010,2,ACB,AFR
HG02011,1,ACB,AFR
HG02012,2,ACB,AFR
HG02013,1,ACB,AFR
HG02014,1,ACB,AFR
HG02015,1,KHV,EAS
HG02016,2,KHV,EAS
HG02017,1,KHV,EAS
HG02018,2,KHV,EAS
HG02019,2,KHV,EAS
HG02020,1,KHV,EAS
HG02021,1,KHV,EAS
HG02023,1,KHV,EAS
HG02024,2,KHV,EAS
HG02025,2,KHV,EAS
HG02026,1,KHV,EAS
HG02027,1,KHV,EAS
HG02028,2,KHV,EAS
HG02029,1,KHV,EAS
HG02030,1,KHV,EAS
HG02031,2,KHV,EAS
HG02032,1,KHV,EAS
HG02035,1,KHV,EAS
HG02040,1,KHV,EAS
HG02046,2,KHV,EAS
HG02047,1,KHV,EAS
HG02048,2,KHV,EAS
HG02049,2,KHV,EAS
HG02050,1,KHV,EAS
HG02051,1,ACB,AFR
HG02052,2,ACB,AFR
HG02053,1,ACB,AFR
HG02054,2,ACB,AFR
HG02055,1,ACB,AFR
HG02056,1,KHV,EAS
HG02057,2,KHV,EAS
HG02058,1,KHV,EAS
HG02059,2,KHV,EAS
HG02060,2,KHV,EAS
HG02061,1,KHV,EAS
HG02064,1,KHV,EAS
HG02067,1,KHV,EAS
HG02068,2,KHV,EAS
HG02069,2,KHV,EAS
HG02070,1,KHV,EAS
HG02071,1,KHV,EAS
HG02072,2,KHV,EAS
HG02073,1,KHV,EAS
HG02074,1,KHV,EAS
HG02075,2,KHV,EAS
HG02076,1,KHV,EAS
HG02077,1,KHV,EAS
HG02078,2,KHV,EAS
HG02079,1,KHV,EAS
HG02080,2,KHV,EAS
HG02081,2,KHV,EAS
HG02082,1,KHV,EAS
HG02083,1,KHV,EAS
HG02084,2,KHV,EAS
HG02085,1,KHV,EAS
HG02086,2,KHV,EAS
HG02087,2,KHV,EAS
HG02088,1,KHV,EAS
HG02089,2,PEL,AMR
HG02090,1,PEL,AMR
HG02091,2,PEL,AMR
HG02095,2,ACB,AFR
HG02102,2,PEL,AMR
HG02104,1,PEL,AMR
HG02105,2,PEL,AMR
HG02106,2,PEL,AMR
HG02107,1,ACB,AFR
HG02108,2,ACB,AFR
HG02111,2,ACB,AFR
HG02113,2,KHV,EAS
HG02116,1,KHV,EAS
HG02120,1,KHV,EAS
HG02121,2,KHV,EAS
HG02122,1,KHV,EAS
HG02126,2,KHV,EAS
HG02127,2,KHV,EAS
HG02128,1,KHV,EAS
HG02129,1,KHV,EAS
HG02130,2,KHV,EAS
HG02131,1,KHV,EAS
HG02132,1,KHV,EAS
HG02133,2,KHV,EAS
HG02134,1,KHV,EAS
HG02135,1,KHV,EAS
HG02136,2,KHV,EAS
HG02137,1,KHV,EAS
HG02138,1,KHV,EAS
HG02139,2,KHV,EAS
HG02140,2,KHV,EAS
HG02141,1,KHV,EAS
HG02142,2,KHV,EAS
HG02143,1,ACB,AFR
HG02144,2,ACB,AFR
HG02145,1,ACB,AFR
HG02146,1,PEL,AMR
HG02147,2,PEL,AMR
HG02148,2,PEL,AMR
HG02150,1,PEL,AMR
HG02151,2,CDX,EAS
HG02152,2,CDX,EAS
HG02153,2,CDX,EAS
HG02154,2,CDX,EAS
HG02155,2,CDX,EAS
HG02156,2,CDX,EAS
HG02164,2,CDX,EAS
HG02165,2,CDX,EAS
HG02166,2,CDX,EAS
HG02168,2,CDX,EAS
HG02169,2,CDX,EAS
HG02170,2,CDX,EAS
HG02173,2,CDX,EAS
HG02176,2,CDX,EAS
HG02178,2,CDX,EAS
HG02179,2,CDX,EAS
HG02180,2,CDX,EAS
HG02181,2,CDX,EAS
HG02182,2,CDX,EAS
HG02184,2,CDX,EAS
HG02185,2,CDX,EAS
HG02186,2,CDX,EAS
HG02187,2,CDX,EAS
HG02188,2,CDX,EAS
HG02189,2,CDX,EAS
HG02190,2,CDX,EAS
HG02215,2,GBR,EUR
HG02217,2,IBS,EUR
HG02218,2,IBS,EUR
HG02219,1,IBS,EUR
HG02220,2,IBS,EUR
HG02221,1,IBS,EUR
HG02222,2,IBS,EUR
HG02223,2,IBS,EUR
HG02224,1,IBS,EUR
HG02225,2,IBS,EUR
HG02229,2,IBS,EUR
HG02230,2,IBS,EUR
HG02231,1,IBS,EUR
HG02232,2,IBS,EUR
HG02233,1,IBS,EUR
HG02234,1,IBS,EUR
HG02235,2,IBS,EUR
HG02236,1,IBS,EUR
HG02237,2,IBS,EUR
HG02238,1,IBS,EUR
HG02239,2,IBS,EUR
HG02240,2,IBS,EUR
HG02250,1,CDX,EAS
HG02252,2,PEL,AMR
HG02253,1,PEL,AMR
HG02254,2,PEL,AMR
HG02255,1,ACB,AFR
HG02256,2,ACB,AFR
HG02257,2,ACB,AFR
HG02258,1,ACB,AFR
HG02259,1,PEL,AMR
HG02260,2,PEL,AMR
HG02261,1,PEL,AMR
HG02262,1,PEL,AMR
HG02265,1,PEL,AMR
HG02266,2,PEL,AMR
HG02267,2,PEL,AMR
HG02271,1,PEL,AMR
HG02272,2,PEL,AMR
HG02273,2,PEL,AMR
HG02274,1,PEL,AMR
HG02275,2,PEL,AMR
HG02276,2,PEL,AMR
HG02277,1,PEL,AMR
HG02278,2,PEL,AMR
HG02279,1,PEL,AMR
HG02280,2,ACB,AFR
HG02281,1,ACB,AFR
HG02282,2,ACB,AFR
HG02283,1,ACB,AFR
HG02284,1,ACB,AFR
HG02285,1,PEL,AMR
HG02286,2,PEL,AMR
HG02287,2,PEL,AMR
HG02288,1,PEL,AMR
HG02291,1,PEL,AMR
HG02292,2,PEL,AMR
HG02293,2,PEL,AMR
HG02298,2,PEL,AMR
HG02299,1,PEL,AMR
HG02300,1,PEL,AMR
HG02301,2,PEL,AMR
HG02302,1,PEL,AMR
HG02303,2,PEL,AMR
HG02304,1,PEL,AMR
HG02307,1,ACB,AFR
HG02308,2,ACB,AFR
HG02309,2,ACB,AFR
HG02312,2,PEL,AMR
HG02314,1,ACB,AFR
HG02315,2,ACB,AFR
HG02316,1,ACB,AFR
HG02317,1,ACB,AFR
HG02318,2,ACB,AFR
HG02321,2,ACB,AFR
HG02322,2,ACB,AFR
HG02323,1,ACB,AFR
HG02325,2,ACB,AFR
HG02330,1,ACB,AFR
HG02332,1,ACB,AFR
HG02334,1,ACB,AFR
HG02337,2,ACB,AFR
HG02339,2,ACB,AFR
HG02343,1,ACB,AFR
HG02344,1,PEL,AMR
HG02345,2,PEL,AMR
HG02347,1,PEL,AMR
HG02348,2,PEL,AMR
HG02351,1,CDX,EAS
HG02353,1,CDX,EAS
HG02355,1,CDX,EAS
HG02356,1,CDX,EAS
HG02358,1,CDX,EAS
HG02360,1,CDX,EAS
HG02363,1,CDX,EAS
HG02364,1,CDX,EAS
HG02367,1,CDX,EAS
HG02371,1,CDX,EAS
HG02372,1,CDX,EAS
HG02373,1,CDX,EAS
HG02374,1,CDX,EAS
HG02375,1,CDX,EAS
HG02377,1,CDX,EAS
HG02379,1,CDX,EAS
HG02380,1,CDX,EAS
HG02381,1,CDX,EAS
HG02382,1,CDX,EAS
HG02383,1,CDX,EAS
HG02384,1,CDX,EAS
HG02385,1,CDX,EAS
HG02386,1,CDX,EAS
HG02387,1,CDX,EAS
HG02388,1,CDX,EAS
HG02389,1,CDX,EAS
HG02390,1,CDX,EAS
HG02391,1,CDX,EAS
HG02392,1,CDX,EAS
HG02394,1,CDX,EAS
HG02395,1,CDX,EAS
HG02396,1,CDX,EAS
HG02397,1,CDX,EAS
HG02398,1,CDX,EAS
HG02399,1,CDX,EAS
HG02401,1,CDX,EAS
HG02402,1,CDX,EAS
HG02405,1,CDX,EAS
HG02406,1,CDX,EAS
HG02407,1,CDX,EAS
HG02408,1,CDX,EAS
HG02409,1,CDX,EAS
HG02410,1,CDX,EAS
HG02415,2,PEL,AMR
HG02419,2,ACB,AFR
HG02420,1,ACB,AFR
HG02425,2,PEL,AMR
HG02427,2,ACB,AFR
HG02428,1,ACB,AFR
HG02429,1,ACB,AFR
HG02433,1,ACB,AFR
HG02436,1,ACB,AFR
HG02439,1,ACB,AFR
HG02442,1,ACB,AFR
HG02445,1,ACB,AFR
HG02449,1,ACB,AFR
HG02450,2,ACB,AFR
HG02451,2,ACB,AFR
HG02455,1,ACB,AFR
HG02461,1,GWD,AFR
HG02462,2,GWD,AFR
HG02463,1,GWD,AFR
HG02464,1,GWD,AFR
HG02465,2,GWD,AFR
HG02466,1,GWD,AFR
HG02470,1,ACB,AFR
HG02471,2,ACB,AFR
HG02476,2,ACB,AFR
HG02477,2,ACB,AFR
HG02478,1,ACB,AFR
HG02479,2,ACB,AFR
HG02480,2,ACB,AFR
HG02481,1,ACB,AFR
HG02484,1,ACB,AFR
HG02485,2,ACB,AFR
HG02486,1,ACB,AFR
HG02489,1,ACB,AFR
HG02490,1,PJL,SAS
HG02491,2,PJL,SAS
HG02492,1,PJL,SAS
HG02493,1,PJL,SAS
HG02494,2,PJL,SAS
HG02495,2,PJL,SAS
HG02496,1,ACB,AFR
HG02497,2,ACB,AFR
HG02501,1,ACB,AFR
HG02502,2,ACB,AFR
HG02505,2,ACB,AFR
HG02508,2,ACB,AFR
HG02511,2,ACB,AFR
HG02512,1,KHV,EAS
HG02513,2,KHV,EAS
HG02514,1,KHV,EAS
HG02521,1,KHV,EAS
HG02522,2,KHV,EAS
HG02523,2,KHV,EAS
HG02524,1,KHV,EAS
HG02525,2,KHV,EAS
HG02526,2,KHV,EAS
HG02536,1,ACB,AFR
HG02537,2,ACB,AFR
HG02541,1,ACB,AFR
HG02545,1,ACB,AFR
HG02546,2,ACB,AFR
HG02547,1,ACB,AFR
HG02549,2,ACB,AFR
HG02554,1,ACB,AFR
HG02555,2,ACB,AFR
HG02557,1,ACB,AFR
HG02558,2,ACB,AFR
HG02559,2,ACB,AFR
HG02561,1,GWD,AFR
HG02562,2,GWD,AFR
HG02563,1,GWD,AFR
HG02567,1,GWD,AFR
HG02568,2,GWD,AFR
HG02569,1,GWD,AFR
HG02570,1,GWD,AFR
HG02571,2,GWD,AFR
HG02572,1,GWD,AFR
HG02573,1,GWD,AFR
HG02574,2,GWD,AFR
HG02575,1,GWD,AFR
HG02577,2,ACB,AFR
HG02580,2,ACB,AFR
HG02582,1,GWD,AFR
HG02583,2,GWD,AFR
HG02584,1,GWD,AFR
HG02585,1,GWD,AFR
HG02586,2,GWD,AFR
HG02587,2,GWD,AFR
HG02588,1,GWD,AFR
HG02589,2,GWD,AFR
HG02590,1,GWD,AFR
HG02594,1,GWD,AFR
HG02595,2,GWD,AFR
HG02596,1,GWD,AFR
HG02597,1,PJL,SAS
HG02599,1,PJL,SAS
HG02600,1,PJL,SAS
HG02601,2,PJL,SAS
HG02602,1,PJL,SAS
HG02603,1,PJL,SAS
HG02604,2,PJL,SAS
HG02605,2,PJL,SAS
HG02610,1,GWD,AFR
HG02611,2,GWD,AFR
HG02612,1,GWD,AFR
HG02613,1,GWD,AFR
HG02614,2,GWD,AFR
HG02615,2,GWD,AFR
HG02620,1,GWD,AFR
HG02621,2,GWD,AFR
HG02622,2,GWD,AFR
HG02623,1,GWD,AFR
HG02624,2,GWD,AFR
HG02625,1,GWD,AFR
HG02628,1,GWD,AFR
HG02629,2,GWD,AFR
HG02630,2,GWD,AFR
HG02634,1,GWD,AFR
HG02635,2,GWD,AFR
HG02636,1,GWD,AFR
HG02642,1,GWD,AFR
HG02643,2,GWD,AFR
HG02644,1,GWD,AFR
HG02645,1,GWD,AFR
HG02646,2,GWD,AFR
HG02647,1,GWD,AFR
HG02648,1,PJL,SAS
HG02649,2,PJL,SAS
HG02650,1,PJL,SAS
HG02651,1,PJL,SAS
HG02652,2,PJL,SAS
HG02653,2,PJL,SAS
HG02654,1,PJL,SAS
HG02655,2,PJL,SAS
HG02656,1,PJL,SAS
HG02657,1,PJL,SAS
HG02658,2,PJL,SAS
HG02659,2,PJL,SAS
HG02660,1,PJL,SAS
HG02661,2,PJL,SAS
HG02662,2,PJL,SAS
HG02666,1,GWD,AFR
HG02667,2,GWD,AFR
HG02668,1,GWD,AFR
HG02675,1,GWD,AFR
HG02676,2,GWD,AFR
HG02677,2,GWD,AFR
HG02678,1,GWD,AFR
HG02679,2,GWD,AFR
HG02680,2,GWD,AFR
HG02681,1,PJL,SAS
HG02682,2,PJL,SAS
HG02683,2,PJL,SAS
HG02684,1,PJL,SAS
HG02685,2,PJL,SAS
HG02686,1,PJL,SAS
HG02687,1,PJL,SAS
HG02688,2,PJL,SAS
HG02689,1,PJL,SAS
HG02690,1,PJL,SAS
HG02691,2,PJL,SAS
HG02692,2,PJL,SAS
HG02694,2,PJL,SAS
HG02696,1,PJL,SAS
HG02697,2,PJL,SAS
HG02698,1,PJL,SAS
HG02699,1,PJL,SAS
HG02700,2,PJL,SAS
HG02701,1,PJL,SAS
HG02702,1,GWD,AFR
HG02703,2,GWD,AFR
HG02704,2,GWD,AFR
HG02715,1,GWD,AFR
HG02716,2,GWD,AFR
HG02717,1,GWD,AFR
HG02721,1,GWD,AFR
HG02722,2,GWD,AFR
HG02723,2,GWD,AFR
HG02724,1,PJL,SAS
HG02725,2,PJL,SAS
HG02726,2,PJL,SAS
HG02727,1,PJL,SAS
HG02728,2,PJL,SAS
HG02729,1,PJL,SAS
HG02731,2,PJL,SAS
HG02733,1,PJL,SAS
HG02734,2,PJL,SAS
HG02735,1,PJL,SAS
HG02736,1,PJL,SAS
HG02737,2,PJL,SAS
HG02738,1,PJL,SAS
HG02756,1,GWD,AFR
HG02757,2,GWD,AFR
HG02758,2,GWD,AFR
HG02759,1,GWD,AFR
HG02760,2,GWD,AFR
HG02761,2,GWD,AFR
HG02762,1,GWD,AFR
HG02763,2,GWD,AFR
HG02764,1,GWD,AFR
HG02768,1,GWD,AFR
HG02769,2,GWD,AFR
HG02770,2,GWD,AFR
HG02771,1,GWD,AFR
HG02772,2,GWD,AFR
HG02773,1,GWD,AFR
HG02774,1,PJL,SAS
HG02775,2,PJL,SAS
HG02776,2,PJL,SAS
HG02778,2,PJL,SAS
HG02779,1,PJL,SAS
HG02780,1,PJL,SAS
HG02781,2,PJL,SAS
HG02783,1,PJL,SAS
HG02784,2,PJL,SAS
HG02785,2,PJL,SAS
HG02786,1,PJL,SAS
HG02787,2,PJL,SAS
HG02788,2,PJL,SAS
HG02789,1,PJL,SAS
HG02790,2,PJL,SAS
HG02791,1,PJL,SAS
HG02792,1,PJL,SAS
HG02793,2,PJL,SAS
HG02794,1,PJL,SAS
HG02798,1,GWD,AFR
HG02799,2,GWD,AFR
HG02800,1,GWD,AFR
HG02804,1,GWD,AFR
HG02805,2,GWD,AFR
HG02806,2,GWD,AFR
HG02807,1,GWD,AFR
HG02808,2,GWD,AFR
HG02809,2,GWD,AFR
HG02810,1,GWD,AFR
HG02811,2,GWD,AFR
HG02812,1,GWD,AFR
HG02813,1,GWD,AFR
HG02814,2,GWD,AFR
HG02815,1,GWD,AFR
HG02816,1,GWD,AFR
HG02817,2,GWD,AFR
HG02818,2,GWD,AFR
HG02819,1,GWD,AFR
HG02820,2,GWD,AFR
HG02821,1,GWD,AFR
HG02836,1,GWD,AFR
HG02837,2,GWD,AFR
HG02838,1,GWD,AFR
HG02839,1,GWD,AFR
HG02840,2,GWD,AFR
HG02841,2,GWD,AFR
HG02851,1,GWD,AFR
HG02852,2,GWD,AFR
HG02853,1,GWD,AFR
HG02854,1,GWD,AFR
HG02855,2,GWD,AFR
HG02856,1,GWD,AFR
HG02860,1,GWD,AFR
HG02861,2,GWD,AFR
HG02862,2,GWD,AFR
HG02869,1,GWD,AFR
HG02870,2,GWD,AFR
HG02871,2,GWD,AFR
HG02878,1,GWD,AFR
HG02879,2,GWD,AFR
HG02880,2,GWD,AFR
HG02881,1,GWD,AFR
HG02882,2,GWD,AFR
HG02883,1,GWD,AFR
HG02884,1,GWD,AFR
HG02885,2,GWD,AFR
HG02886,2,GWD,AFR
HG02887,1,GWD,AFR
HG02888,2,GWD,AFR
HG02889,2,GWD,AFR
HG02890,1,GWD,AFR
HG02891,2,GWD,AFR
HG02892,1,GWD,AFR
HG02895,1,GWD,AFR
HG02896,2,GWD,AFR
HG02897,2,GWD,AFR
HG02922,2,ESN,AFR
HG02923,1,ESN,AFR
HG02924,1,ESN,AFR
HG02938,1,ESN,AFR
HG02939,1,ESN,AFR
HG02941,1,ESN,AFR
HG02942,1,ESN,AFR
HG02943,2,ESN,AFR
HG02944,1,ESN,AFR
HG02945,2,ESN,AFR
HG02946,2,ESN,AFR
HG02947,1,ESN,AFR
HG02948,1,ESN,AFR
HG02952,2,ESN,AFR
HG02953,1,ESN,AFR
HG02954,1,ESN,AFR
HG02964,2,ESN,AFR
HG02965,1,ESN,AFR
HG02966,1,ESN,AFR
HG02968,1,ESN,AFR
HG02969,2,ESN,AFR
HG02970,2,ESN,AFR
HG02971,1,ESN,AFR
HG02972,1,ESN,AFR
HG02973,1,ESN,AFR
HG02974,2,ESN,AFR
HG02975,1,ESN,AFR
HG02976,2,ESN,AFR
HG02977,1,ESN,AFR
HG02978,2,ESN,AFR
HG02979,2,ESN,AFR
HG02980,1,ESN,AFR
HG02981,1,ESN,AFR
HG02982,1,GWD,AFR
HG02983,2,GWD,AFR
HG02984,1,GWD,AFR
HG03006,1,BEB,SAS
HG03007,2,BEB,SAS
HG03008,1,BEB,SAS
HG03009,1,BEB,SAS
HG03012,1,BEB,SAS
HG03015,1,PJL,SAS
HG03016,2,PJL,SAS
HG03017,1,PJL,SAS
HG03018,1,PJL,SAS
HG03019,2,PJL,SAS
HG03021,1,PJL,SAS
HG03022,2,PJL,SAS
HG03023,1,PJL,SAS
HG03024,1,GWD,AFR
HG03025,2,GWD,AFR
HG03026,2,GWD,AFR
HG03027,1,GWD,AFR
HG03028,2,GWD,AFR
HG03029,1,GWD,AFR
HG03033,1,GWD,AFR
HG03034,2,GWD,AFR
HG03035,1,GWD,AFR
HG03039,1,GWD,AFR
HG03040,2,GWD,AFR
HG03041,2,GWD,AFR
HG03045,1,GWD,AFR
HG03046,2,GWD,AFR
HG03047,2,GWD,AFR
HG03048,1,GWD,AFR
HG03049,2,GWD,AFR
HG03050,1,GWD,AFR
HG03052,2,MSL,AFR
HG03053,2,MSL,AFR
HG03054,1,MSL,AFR
HG03055,2,MSL,AFR
HG03056,1,MSL,AFR
HG03057,1,MSL,AFR
HG03058,2,MSL,AFR
HG03059,1,MSL,AFR
HG03060,1,MSL,AFR
HG03061,2,MSL,AFR
HG03062,1,MSL,AFR
HG03063,1,MSL,AFR
HG03064,2,MSL,AFR
HG03065,1,MSL,AFR
HG03066,1,MSL,AFR
HG03069,1,MSL,AFR
HG03072,1,MSL,AFR
HG03073,2,MSL,AFR
HG03074,1,MSL,AFR
HG03076,2,MSL,AFR
HG03077,1,MSL,AFR
HG03078,1,MSL,AFR
HG03079,2,MSL,AFR
HG03080,2,MSL,AFR
HG03081,1,MSL,AFR
HG03082,2,MSL,AFR
HG03084,1,MSL,AFR
HG03085,2,MSL,AFR
HG03086,2,MSL,AFR
HG03088,2,MSL,AFR
HG03091,2,MSL,AFR
HG03095,2,MSL,AFR
HG03096,1,MSL,AFR
HG03097,2,MSL,AFR
HG03098,1,MSL,AFR
HG03099,2,ESN,AFR
HG03100,1,ESN,AFR
HG03101,1,ESN,AFR
HG03103,1,ESN,AFR
HG03104,2,ESN,AFR
HG03105,2,ESN,AFR
HG03107,2,ESN,AFR
HG03108,2,ESN,AFR
HG03109,1,ESN,AFR
HG03110,2,ESN,AFR
HG03111,2,ESN,AFR
HG03112,1,ESN,AFR
HG03113,2,ESN,AFR
HG03114,2,ESN,AFR
HG03115,1,ESN,AFR
HG03116,2,ESN,AFR
HG03117,2,ESN,AFR
HG03118,1,ESN,AFR
HG03119,2,ESN,AFR
HG03120,1,ESN,AFR
HG03121,2,ESN,AFR
HG03122,1,ESN,AFR
HG03123,2,ESN,AFR
HG03124,1,ESN,AFR
HG03125,2,ESN,AFR
HG03126,2,ESN,AFR
HG03127,1,ESN,AFR
HG03128,1,ESN,AFR
HG03129,2,ESN,AFR
HG03130,1,ESN,AFR
HG03131,1,ESN,AFR
HG03132,2,ESN,AFR
HG03133,1,ESN,AFR
HG03134,1,ESN,AFR
HG03135,2,ESN,AFR
HG03136,1,ESN,AFR
HG03137,1,ESN,AFR
HG03139,1,ESN,AFR
HG03140,2,ESN,AFR
HG03157,1,ESN,AFR
HG03158,2,ESN,AFR
HG03159,2,ESN,AFR
HG03160,1,ESN,AFR
HG03161,1,ESN,AFR
HG03162,2,ESN,AFR
HG03163,1,ESN,AFR
HG03164,2,ESN,AFR
HG03166,1,ESN,AFR
HG03167,1,ESN,AFR
HG03168,2,ESN,AFR
HG03169,1,ESN,AFR
HG03170,1,ESN,AFR
HG03171,2,ESN,AFR
HG03172,1,ESN,AFR
HG03173,1,ESN,AFR
HG03175,1,ESN,AFR
HG03176,1,ESN,AFR
HG03189,2,ESN,AFR
HG03190,1,ESN,AFR
HG03191,1,ESN,AFR
HG03193,1,ESN,AFR
HG03194,1,ESN,AFR
HG03195,2,ESN,AFR
HG03196,1,ESN,AFR
HG03197,1,ESN,AFR
HG03198,2,ESN,AFR
HG03199,1,ESN,AFR
HG03200,2,ESN,AFR
HG03202,1,ESN,AFR
HG03203,2,ESN,AFR
HG03209,1,MSL,AFR
HG03212,2,MSL,AFR
HG03224,1,MSL,AFR
HG03225,1,MSL,AFR
HG03228,1,PJL,SAS
HG03229,2,PJL,SAS
HG03230,2,PJL,SAS
HG03234,1,PJL,SAS
HG03235,2,PJL,SAS
HG03236,2,PJL,SAS
HG03237,1,PJL,SAS
HG03238,2,PJL,SAS
HG03239,2,PJL,SAS
HG03240,1,GWD,AFR
HG03241,2,GWD,AFR
HG03242,1,GWD,AFR
HG03246,1,GWD,AFR
HG03247,2,GWD,AFR
HG03248,1,GWD,AFR
HG03249,1,GWD,AFR
HG03250,2,GWD,AFR
HG03251,2,GWD,AFR
HG03258,1,GWD,AFR
HG03259,2,GWD,AFR
HG03260,1,GWD,AFR
HG03265,1,ESN,AFR
HG03266,2,ESN,AFR
HG03267,2,ESN,AFR
HG03268,1,ESN,AFR
HG03269,1,ESN,AFR
HG03270,2,ESN,AFR
HG03271,1,ESN,AFR
HG03272,2,ESN,AFR
HG03279,2,ESN,AFR
HG03280,1,ESN,AFR
HG03291,2,ESN,AFR
HG03293,1,ESN,AFR
HG03294,2,ESN,AFR
HG03295,1,ESN,AFR
HG03296,1,ESN,AFR
HG03297,2,ESN,AFR
HG03298,1,ESN,AFR
HG03299,1,ESN,AFR
HG03300,2,ESN,AFR
HG03301,1,ESN,AFR
HG03302,1,ESN,AFR
HG03303,2,ESN,AFR
HG03304,1,ESN,AFR
HG03305,2,ESN,AFR
HG03306,2,ESN,AFR
HG03307,1,ESN,AFR
HG03308,1,ESN,AFR
HG03309,2,ESN,AFR
HG03310,2,ESN,AFR
HG03311,1,ESN,AFR
HG03312,2,ESN,AFR
HG03313,1,ESN,AFR
HG03314,1,ESN,AFR
HG03339,2,ESN,AFR
HG03341,2,ESN,AFR
HG03342,2,ESN,AFR
HG03343,1,ESN,AFR
HG03344,1,ESN,AFR
HG03350,1,ESN,AFR
HG03351,2,ESN,AFR
HG03352,1,ESN,AFR
HG03354,2,ESN,AFR
HG03361,1,ESN,AFR
HG03362,1,ESN,AFR
HG03363,2,ESN,AFR
HG03365,1,ESN,AFR
HG03366,2,ESN,AFR
HG03367,1,ESN,AFR
HG03368,1,ESN,AFR
HG03369,2,ESN,AFR
HG03370,1,ESN,AFR
HG03371,1,ESN,AFR
HG03372,2,ESN,AFR
HG03373,1,ESN,AFR
HG03374,2,ESN,AFR
HG03376,1,MSL,AFR
HG03378,2,MSL,AFR
HG03380,2,MSL,AFR
HG03381,2,MSL,AFR
HG03382,1,MSL,AFR
HG03383,2,MSL,AFR
HG03384,2,MSL,AFR
HG03385,1,MSL,AFR
HG03388,1,MSL,AFR
HG03390,1,MSL,AFR
HG03391,1,MSL,AFR
HG03393,2,MSL,AFR
HG03394,1,MSL,AFR
HG03397,1,MSL,AFR
HG03398,2,MSL,AFR
HG03399,1,MSL,AFR
HG03401,2,MSL,AFR
HG03402,2,MSL,AFR
HG03408,1,MSL,AFR
HG03410,2,MSL,AFR
HG03411,2,MSL,AFR
HG03419,2,MSL,AFR
HG03428,2,MSL,AFR
HG03431,2,MSL,AFR
HG03432,1,MSL,AFR
HG03433,1,MSL,AFR
HG03436,1,MSL,AFR
HG03437,2,MSL,AFR
HG03438,2,MSL,AFR
HG03439,1,MSL,AFR
HG03442,1,MSL,AFR
HG03445,1,MSL,AFR
HG03446,2,MSL,AFR
HG03449,2,MSL,AFR
HG03450,2,MSL,AFR
HG03451,1,MSL,AFR
HG03452,2,MSL,AFR
HG03453,2,MSL,AFR
HG03454,1,MSL,AFR
HG03455,2,MSL,AFR
HG03456,1,MSL,AFR
HG03457,1,MSL,AFR
HG03458,2,MSL,AFR
HG03459,1,MSL,AFR
HG03460,1,MSL,AFR
HG03461,2,MSL,AFR
HG03462,1,MSL,AFR
HG03464,2,MSL,AFR
HG03465,1,MSL,AFR
HG03466,1,MSL,AFR
HG03468,1,MSL,AFR
HG03469,1,MSL,AFR
HG03470,2,MSL,AFR
HG03471,1,MSL,AFR
HG03472,1,MSL,AFR
HG03473,2,MSL,AFR
HG03474,1,MSL,AFR
HG03476,2,MSL,AFR
HG03477,1,MSL,AFR
HG03478,1,MSL,AFR
HG03479,2,MSL,AFR
HG03480,2,MSL,AFR
HG03484,1,MSL,AFR
HG03485,2,MSL,AFR
HG03486,2,MSL,AFR
HG03487,1,PJL,SAS
HG03488,2,PJL,SAS
HG03489,1,PJL,SAS
HG03490,1,PJL,SAS
HG03491,2,PJL,SAS
HG03492,1,PJL,SAS
HG03493,2,ESN,AFR
HG03499,2,ESN,AFR
HG03508,2,ESN,AFR
HG03510,2,ESN,AFR
HG03511,2,ESN,AFR
HG03513,1,ESN,AFR
HG03514,2,ESN,AFR
HG03515,1,ESN,AFR
HG03516,2,ESN,AFR
HG03517,2,ESN,AFR
HG03518,1,ESN,AFR
HG03519,1,ESN,AFR
HG03520,2,ESN,AFR
HG03521,1,ESN,AFR
HG03522,2,ESN,AFR
HG03538,1,GWD,AFR
HG03539,2,GWD,AFR
HG03540,2,GWD,AFR
HG03547,1,MSL,AFR
HG03548,2,MSL,AFR
HG03549,2,MSL,AFR
HG03556,1,MSL,AFR
HG03557,2,MSL,AFR
HG03558,2,MSL,AFR
HG03559,1,MSL,AFR
HG03563,2,MSL,AFR
HG03564,2,MSL,AFR
HG03565,1,MSL,AFR
HG03566,2,MSL,AFR
HG03567,2,MSL,AFR
HG03569,2,MSL,AFR
HG03571,1,MSL,AFR
HG03572,2,MSL,AFR
HG03574,1,MSL,AFR
HG03575,2,MSL,AFR
HG03576,2,MSL,AFR
HG03577,1,MSL,AFR
HG03578,2,MSL,AFR
HG03579,1,MSL,AFR
HG03582,1,MSL,AFR
HG03583,2,MSL,AFR
HG03584,2,MSL,AFR
HG03585,1,BEB,SAS
HG03587,2,BEB,SAS
HG03589,2,BEB,SAS
HG03590,1,BEB,SAS
HG03593,1,BEB,SAS
HG03594,1,BEB,SAS
HG03595,2,BEB,SAS
HG03596,1,BEB,SAS
HG03598,2,BEB,SAS
HG03599,2,BEB,SAS
HG03600,1,BEB,SAS
HG03602,1,BEB,SAS
HG03603,1,BEB,SAS
HG03604,2,BEB,SAS
HG03605,2,BEB,SAS
HG03606,1,BEB,SAS
HG03607,2,BEB,SAS
HG03611,2,BEB,SAS
HG03615,1,BEB,SAS
HG03616,2,BEB,SAS
HG03617,2,BEB,SAS
HG03618,1,PJL,SAS
HG03619,2,PJL,SAS
HG03620,2,PJL,SAS
HG03621,1,PJL,SAS
HG03624,1,PJL,SAS
HG03625,2,PJL,SAS
HG03626,2,PJL,SAS
HG03629,1,PJL,SAS
HG03631,2,PJL,SAS
HG03633,1,PJL,SAS
HG03634,2,PJL,SAS
HG03635,2,PJL,SAS
HG03636,1,PJL,SAS
HG03638,2,PJL,SAS
HG03639,1,PJL,SAS
HG03640,2,PJL,SAS
HG03641,1,PJL,SAS
HG03642,2,STU,SAS
HG03643,2,STU,SAS
HG03644,1,STU,SAS
HG03645,2,STU,SAS
HG03646,1,STU,SAS
HG03649,1,PJL,SAS
HG03650,2,PJL,SAS
HG03651,1,PJL,SAS
HG03652,1,PJL,SAS
HG03653,2,PJL,SAS
HG03654,1,PJL,SAS
HG03656,2,PJL,SAS
HG03657,1,PJL,SAS
HG03660,1,PJL,SAS
HG03663,1,PJL,SAS
HG03667,1,PJL,SAS
HG03668,2,PJL,SAS
HG03669,2,PJL,SAS
HG03672,1,STU,SAS
HG03673,2,STU,SAS
HG03679,1,STU,SAS
HG03680,1,STU,SAS
HG03681,1,STU,SAS
HG03682,1,STU,SAS
HG03683,2,STU,SAS
HG03684,2,STU,SAS
HG03685,1,STU,SAS
HG03686,1,STU,SAS
HG03687,1,STU,SAS
HG03688,1,STU,SAS
HG03689,2,STU,SAS
HG03690,2,STU,SAS
HG03691,1,STU,SAS
HG03692,2,STU,SAS
HG03693,1,STU,SAS
HG03694,1,STU,SAS
HG03695,1,STU,SAS
HG03696,1,STU,SAS
HG03697,1,STU,SAS
HG03698,2,STU,SAS
HG03699,1,PJL,SAS
HG03700,2,PJL,SAS
HG03701,1,PJL,SAS
HG03702,1,PJL,SAS
HG03703,2,PJL,SAS
HG03704,2,PJL,SAS
HG03705,1,PJL,SAS
HG03706,2,PJL,SAS
HG03707,1,PJL,SAS
HG03708,1,PJL,SAS
HG03709,2,PJL,SAS
HG03710,1,PJL,SAS
HG03711,1,STU,SAS
HG03713,1,ITU,SAS
HG03714,2,ITU,SAS
HG03715,1,ITU,SAS
HG03716,1,ITU,SAS
HG03717,2,ITU,SAS
HG03718,1,ITU,SAS
HG03719,2,ITU,SAS
HG03720,1,ITU,SAS
HG03721,2,ITU,SAS
HG03722,2,ITU,SAS
HG03723,2,ITU,SAS
HG03725,1,ITU,SAS
HG03727,1,ITU,SAS
HG03729,1,ITU,SAS
HG03730,2,ITU,SAS
HG03731,2,ITU,SAS
HG03732,1,ITU,SAS
HG03733,2,STU,SAS
HG03736,2,STU,SAS
HG03738,1,STU,SAS
HG03740,1,STU,SAS
HG03741,2,STU,SAS
HG03742,1,ITU,SAS
HG03743,1,STU,SAS
HG03744,1,STU,SAS
HG03745,1,STU,SAS
HG03746,1,STU,SAS
HG03750,1,STU,SAS
HG03752,2,STU,SAS
HG03753,1,STU,SAS
HG03754,2,STU,SAS
HG03755,1,STU,SAS
HG03756,2,STU,SAS
HG03757,2,STU,SAS
HG03760,2,STU,SAS
HG03761,1,PJL,SAS
HG03762,2,PJL,SAS
HG03763,1,PJL,SAS
HG03765,2,PJL,SAS
HG03766,1,PJL,SAS
HG03767,1,PJL,SAS
HG03769,1,PJL,SAS
HG03770,2,ITU,SAS
HG03771,1,ITU,SAS
HG03772,2,ITU,SAS
HG03773,1,ITU,SAS
HG03774,2,ITU,SAS
HG03775,1,ITU,SAS
HG03777,1,ITU,SAS
HG03778,1,ITU,SAS
HG03779,1,ITU,SAS
HG03780,2,ITU,SAS
HG03781,2,ITU,SAS
HG03782,2,ITU,SAS
HG03783,1,ITU,SAS
HG03784,2,ITU,SAS
HG03785,1,ITU,SAS
HG03786,1,ITU,SAS
HG03787,2,ITU,SAS
HG03788,1,ITU,SAS
HG03789,2,ITU,SAS
HG03790,1,ITU,SAS
HG03792,1,ITU,SAS
HG03793,2,BEB,SAS
HG03794,1,BEB,SAS
HG03795,1,BEB,SAS
HG03796,2,BEB,SAS
HG03797,1,BEB,SAS
HG03798,1,BEB,SAS
HG03799,2,BEB,SAS
HG03800,1,BEB,SAS
HG03801,2,BEB,SAS
HG03802,2,BEB,SAS
HG03803,1,BEB,SAS
HG03804,2,BEB,SAS
HG03805,2,BEB,SAS
HG03806,1,BEB,SAS
HG03807,2,BEB,SAS
HG03808,2,BEB,SAS
HG03809,1,BEB,SAS
HG03811,2,BEB,SAS
HG03812,1,BEB,SAS
HG03813,2,BEB,SAS
HG03814,2,BEB,SAS
HG03815,1,BEB,SAS
HG03816,2,BEB,SAS
HG03817,2,BEB,SAS
HG03821,1,BEB,SAS
HG03822,1,BEB,SAS
HG03823,2,BEB,SAS
HG03824,1,BEB,SAS
HG03825,2,BEB,SAS
HG03826,2,BEB,SAS
HG03829,2,BEB,SAS
HG03830,1,BEB,SAS
HG03831,2,BEB,SAS
HG03832,2,BEB,SAS
HG03833,1,BEB,SAS
HG03834,2,BEB,SAS
HG03835,2,STU,SAS
HG03836,2,STU,SAS
HG03837,1,STU,SAS
HG03838,2,STU,SAS
HG03840,1,STU,SAS
HG03842,2,STU,SAS
HG03844,1,STU,SAS
HG03845,1,STU,SAS
HG03846,1,STU,SAS
HG03847,1,STU,SAS
HG03848,1,STU,SAS
HG03849,2,STU,SAS
HG03850,1,STU,SAS
HG03851,1,STU,SAS
HG03854,1,STU,SAS
HG03856,1,STU,SAS
HG03857,2,STU,SAS
HG03858,2,STU,SAS
HG03861,2,ITU,SAS
HG03862,2,ITU,SAS
HG03863,2,ITU,SAS
HG03864,1,ITU,SAS
HG03866,1,ITU,SAS
HG03867,1,ITU,SAS
HG03868,2,ITU,SAS
HG03869,1,ITU,SAS
HG03870,1,ITU,SAS
HG03871,1,ITU,SAS
HG03872,1,ITU,SAS
HG03873,2,ITU,SAS
HG03874,2,ITU,SAS
HG03875,1,ITU,SAS
HG03876,1,ITU,SAS
HG03879,1,ITU,SAS
HG03882,2,ITU,SAS
HG03884,2,STU,SAS
HG03885,1,STU,SAS
HG03886,2,STU,SAS
HG03887,1,STU,SAS
HG03888,2,STU,SAS
HG03890,1,STU,SAS
HG03894,2,STU,SAS
HG03895,2,STU,SAS
HG03896,1,STU,SAS
HG03897,2,STU,SAS
HG03898,2,STU,SAS
HG03899,1,STU,SAS
HG03900,1,STU,SAS
HG03901,2,BEB,SAS
HG03902,1,BEB,SAS
HG03903,2,BEB,SAS
HG03904,2,BEB,SAS
HG03905,1,BEB,SAS
HG03906,1,BEB,SAS
HG03907,2,BEB,SAS
HG03908,1,BEB,SAS
HG03909,1,BEB,SAS
HG03910,2,BEB,SAS
HG03911,1,BEB,SAS
HG03913,2,BEB,SAS
HG03914,1,BEB,SAS
HG03915,2,BEB,SAS
HG03916,2,BEB,SAS
HG03917,1,BEB,SAS
HG03919,2,BEB,SAS
HG03920,1,BEB,SAS
HG03922,2,BEB,SAS
HG03924,2,BEB,SAS
HG03925,2,BEB,SAS
HG03926,1,BEB,SAS
HG03927,2,BEB,SAS
HG03928,2,BEB,SAS
HG03929,1,BEB,SAS
HG03930,2,BEB,SAS
HG03931,2,BEB,SAS
HG03934,2,BEB,SAS
HG03937,2,BEB,SAS
HG03939,2,BEB,SAS
HG03940,2,BEB,SAS
HG03941,1,BEB,SAS
HG03942,1,BEB,SAS
HG03943,1,STU,SAS
HG03944,2,STU,SAS
HG03945,2,STU,SAS
HG03947,2,STU,SAS
HG03948,2,STU,SAS
HG03949,2,STU,SAS
HG03950,1,STU,SAS
HG03951,2,STU,SAS
HG03953,1,STU,SAS
HG03955,2,STU,SAS
HG03960,1,ITU,SAS
HG03963,1,ITU,SAS
HG03965,1,ITU,SAS
HG03967,1,ITU,SAS
HG03968,2,ITU,SAS
HG03969,1,ITU,SAS
HG03971,1,ITU,SAS
HG03972,2,ITU,SAS
HG03973,2,ITU,SAS
HG03974,1,ITU,SAS
HG03976,1,ITU,SAS
HG03977,2,ITU,SAS
HG03978,1,ITU,SAS
HG03982,1,STU,SAS
HG03985,1,STU,SAS
HG03986,2,STU,SAS
HG03988,1,STU,SAS
HG03989,2,STU,SAS
HG03990,1,STU,SAS
HG03991,1,STU,SAS
HG03992,1,STU,SAS
HG03995,2,STU,SAS
HG03998,1,STU,SAS
HG03999,1,STU,SAS
HG04001,2,ITU,SAS
HG04002,1,ITU,SAS
HG04003,1,STU,SAS
HG04006,1,STU,SAS
HG04014,2,ITU,SAS
HG04015,1,ITU,SAS
HG04017,1,ITU,SAS
HG04018,2,ITU,SAS
HG04019,1,ITU,SAS
HG04020,1,ITU,SAS
HG04022,1,ITU,SAS
HG04023,1,ITU,SAS
HG04024,2,ITU,SAS
HG04025,2,ITU,SAS
HG04026,2,ITU,SAS
HG04029,2,STU,SAS
HG04033,1,STU,SAS
HG04035,2,STU,SAS
HG04036,2,STU,SAS
HG04037,2,STU,SAS
HG04038,2,STU,SAS
HG04039,1,STU,SAS
HG04040,1,STU,SAS
HG04042,2,STU,SAS
HG04047,2,STU,SAS
HG04050,2,ITU,SAS
HG04053,1,ITU,SAS
HG04054,2,ITU,SAS
HG04055,1,ITU,SAS
HG04056,1,ITU,SAS
HG04058,1,ITU,SAS
HG04059,2,ITU,SAS
HG04060,1,ITU,SAS
HG04061,1,ITU,SAS
HG04062,2,ITU,SAS
HG04063,2,ITU,SAS
HG04067,2,STU,SAS
HG04070,2,ITU,SAS
HG04075,2,STU,SAS
HG04076,2,ITU,SAS
HG04080,1,ITU,SAS
HG04090,2,ITU,SAS
HG04093,1,ITU,SAS
HG04094,1,ITU,SAS
HG04096,1,ITU,SAS
HG04098,1,ITU,SAS
HG04099,2,STU,SAS
HG04100,1,STU,SAS
HG04106,2,STU,SAS
HG04107,1,STU,SAS
HG04114,1,STU,SAS
HG04115,1,STU,SAS
HG04118,2,ITU,SAS
HG04122,1,STU,SAS
HG04127,1,STU,SAS
HG04128,1,BEB,SAS
HG04131,1,BEB,SAS
HG04132,2,BEB,SAS
HG04133,2,BEB,SAS
HG04134,1,BEB,SAS
HG04135,2,BEB,SAS
HG04136,2,BEB,SAS
HG04140,1,BEB,SAS
HG04141,2,BEB,SAS
HG04142,2,BEB,SAS
HG04144,2,BEB,SAS
HG04146,1,BEB,SAS
HG04147,2,BEB,SAS
HG04148,2,BEB,SAS
HG04149,1,BEB,SAS
HG04150,2,BEB,SAS
HG04151,2,BEB,SAS
HG04152,1,BEB,SAS
HG04153,2,BEB,SAS
HG04155,1,BEB,SAS
HG04156,2,BEB,SAS
HG04157,1,BEB,SAS
HG04158,1,BEB,SAS
HG04159,2,BEB,SAS
HG04160,1,BEB,SAS
HG04161,1,BEB,SAS
HG04162,2,BEB,SAS
HG04164,1,BEB,SAS
HG04171,2,BEB,SAS
HG04173,1,BEB,SAS
HG04174,2,BEB,SAS
HG04175,2,BEB,SAS
HG04176,1,BEB,SAS
HG04177,2,BEB,SAS
HG04180,2,BEB,SAS
HG04181,2,BEB,SAS
HG04182,1,BEB,SAS
HG04183,2,BEB,SAS
HG04184,2,BEB,SAS
HG04185,1,BEB,SAS
HG04186,2,BEB,SAS
HG04187,1,BEB,SAS
HG04188,1,BEB,SAS
HG04189,2,BEB,SAS
HG04191,1,BEB,SAS
HG04192,2,BEB,SAS
HG04193,1,BEB,SAS
HG04194,1,BEB,SAS
HG04195,2,BEB,SAS
HG04197,2,STU,SAS
HG04198,1,ITU,SAS
HG04199,1,STU,SAS
HG04200,2,ITU,SAS
HG04202,2,ITU,SAS
HG04204,1,STU,SAS
HG04206,1,ITU,SAS
HG04208,2,STU,SAS
HG04209,2,ITU,SAS
HG04210,1,STU,SAS
HG04211,1,ITU,SAS
HG04212,2,ITU,SAS
HG04214,2,ITU,SAS
HG04215,1,STU,SAS
HG04216,2,ITU,SAS
HG04217,2,ITU,SAS
HG04219,1,ITU,SAS
HG04222,1,ITU,SAS
HG04225,1,ITU,SAS
HG04227,2,STU,SAS
HG04228,1,STU,SAS
HG04229,1,STU,SAS
HG04235,1,ITU,SAS
HG04238,1,ITU,SAS
HG04239,1,ITU,SAS
HG04301,2,GBR,EUR
HG04302,1,GBR,EUR
HG04303,2,GBR,EUR
NA06984,1,CEU,EUR
NA06985,2,CEU,EUR
NA06986,1,CEU,EUR
NA06989,2,CEU,EUR
NA06991,2,CEU,EUR
NA06993,1,CEU,EUR
NA06994,1,CEU,EUR
NA06995,1,CEU,EUR
NA06997,2,CEU,EUR
NA07000,2,CEU,EUR
NA07014,2,CEU,EUR
NA07019,2,CEU,EUR
NA07022,1,CEU,EUR
NA07029,1,CEU,EUR
NA07031,2,CEU,EUR
NA07034,1,CEU,EUR
NA07037,2,CEU,EUR
NA07045,2,CEU,EUR
NA07048,1,CEU,EUR
NA07051,1,CEU,EUR
NA07055,2,CEU,EUR
NA07056,2,CEU,EUR
NA07340,2,CEU,EUR
NA07345,2,CEU,EUR
NA07346,2,CEU,EUR
NA07347,1,CEU,EUR
NA07348,2,CEU,EUR
NA07349,1,CEU,EUR
NA07357,1,CEU,EUR
NA07435,1,CEU,EUR
NA10830,1,CEU,EUR
NA10831,2,CEU,EUR
NA10835,1,CEU,EUR
NA10836,2,CEU,EUR
NA10837,1,CEU,EUR
NA10838,1,CEU,EUR
NA10839,2,CEU,EUR
NA10840,2,CEU,EUR
NA10842,1,CEU,EUR
NA10843,2,CEU,EUR
NA10845,1,CEU,EUR
NA10846,1,CEU,EUR
NA10847,2,CEU,EUR
NA10850,2,CEU,EUR
NA10851,1,CEU,EUR
NA10852,2,CEU,EUR
NA10853,1,CEU,EUR
NA10854,2,CEU,EUR
NA10855,2,CEU,EUR
NA10856,1,CEU,EUR
NA10857,1,CEU,EUR
NA10859,2,CEU,EUR
NA10860,1,CEU,EUR
NA10861,2,CEU,EUR
NA10863,2,CEU,EUR
NA10864,2,CEU,EUR
NA10865,1,CEU,EUR
NA11829,1,CEU,EUR
NA11830,2,CEU,EUR
NA11831,1,CEU,EUR
NA11832,2,CEU,EUR
NA11839,1,CEU,EUR
NA11840,2,CEU,EUR
NA11843,1,CEU,EUR
NA11881,1,CEU,EUR
NA11882,2,CEU,EUR
NA11891,1,CEU,EUR
NA11892,2,CEU,EUR
NA11893,1,CEU,EUR
NA11894,2,CEU,EUR
NA11917,1,CEU,EUR
NA11918,2,CEU,EUR
NA11919,1,CEU,EUR
NA11920,2,CEU,EUR
NA11930,1,CEU,EUR
NA11931,2,CEU,EUR
NA11932,1,CEU,EUR
NA11933,2,CEU,EUR
NA11992,1,CEU,EUR
NA11993,2,CEU,EUR
NA11994,1,CEU,EUR
NA11995,2,CEU,EUR
NA12003,1,CEU,EUR
NA12004,2,CEU,EUR
NA12005,1,CEU,EUR
NA12006,2,CEU,EUR
NA12043,1,CEU,EUR
NA12044,2,CEU,EUR
NA12045,1,CEU,EUR
NA12046,2,CEU,EUR
NA12056,1,CEU,EUR
NA12057,2,CEU,EUR
NA12058,2,CEU,EUR
NA12144,1,CEU,EUR
NA12145,2,CEU,EUR
NA12146,1,CEU,EUR
NA12154,1,CEU,EUR
NA12155,1,CEU,EUR
NA12156,2,CEU,EUR
NA12234,2,CEU,EUR
NA12236,2,CEU,EUR
NA12239,2,CEU,EUR
NA12248,1,CEU,EUR
NA12249,2,CEU,EUR
NA12264,1,CEU,EUR
NA12272,1,CEU,EUR
NA12273,2,CEU,EUR
NA12274,1,CEU,EUR
NA12275,2,CEU,EUR
NA12282,1,CEU,EUR
NA12283,2,CEU,EUR
NA12286,1,CEU,EUR
NA12287,2,CEU,EUR
NA12329,2,CEU,EUR
NA12335,1,CEU,EUR
NA12336,2,CEU,EUR
NA12340,1,CEU,EUR
NA12341,2,CEU,EUR
NA12342,1,CEU,EUR
NA12343,2,CEU,EUR
NA12344,1,CEU,EUR
NA12347,1,CEU,EUR
NA12348,2,CEU,EUR
NA12375,1,CEU,EUR
NA12376,2,CEU,EUR
NA12383,2,CEU,EUR
NA12386,2,CEU,EUR
NA12399,1,CEU,EUR
NA12400,2,CEU,EUR
NA12413,1,CEU,EUR
NA12414,2,CEU,EUR
NA12485,1,CEU,EUR
NA12489,2,CEU,EUR
NA12546,1,CEU,EUR
NA12707,1,CEU,EUR
NA12708,2,CEU,EUR
NA12716,1,CEU,EUR
NA12717,2,CEU,EUR
NA12718,2,CEU,EUR
NA12739,1,CEU,EUR
NA12740,2,CEU,EUR
NA12748,1,CEU,EUR
NA12749,2,CEU,EUR
NA12750,1,CEU,EUR
NA12751,2,CEU,EUR
NA12752,1,CEU,EUR
NA12753,2,CEU,EUR
NA12760,1,CEU,EUR
NA12761,2,CEU,EUR
NA12762,1,CEU,EUR
NA12763,2,CEU,EUR
NA12766,1,CEU,EUR
NA12767,2,CEU,EUR
NA12775,1,CEU,EUR
NA12776,2,CEU,EUR
NA12777,1,CEU,EUR
NA12778,2,CEU,EUR
NA12801,1,CEU,EUR
NA12802,2,CEU,EUR
NA12812,1,CEU,EUR
NA12813,2,CEU,EUR
NA12814,1,CEU,EUR
NA12815,2,CEU,EUR
NA12817,1,CEU,EUR
NA12818,2,CEU,EUR
NA12827,1,CEU,EUR
NA12828,2,CEU,EUR
NA12829,1,CEU,EUR
NA12830,2,CEU,EUR
NA12832,2,CEU,EUR
NA12842,1,CEU,EUR
NA12843,2,CEU,EUR
NA12864,1,CEU,EUR
NA12865,2,CEU,EUR
NA12872,1,CEU,EUR
NA12873,2,CEU,EUR
NA12874,1,CEU,EUR
NA12875,2,CEU,EUR
NA12877,1,CEU,EUR
NA12878,2,CEU,EUR
NA12889,1,CEU,EUR
NA12890,2,CEU,EUR
NA12891,1,CEU,EUR
NA12892,2,CEU,EUR
NA17962,2,CHD,#N/A
NA17963,2,CHD,#N/A
NA17965,1,CHD,#N/A
NA17966,2,CHD,#N/A
NA17967,1,CHD,#N/A
NA17968,2,CHD,#N/A
NA17969,1,CHD,#N/A
NA17970,2,CHD,#N/A
NA17971,2,CHD,#N/A
NA17972,1,CHD,#N/A
NA17973,1,CHD,#N/A
NA17974,1,CHD,#N/A
NA17975,1,CHD,#N/A
NA17976,1,CHD,#N/A
NA17977,2,CHD,#N/A
NA17978,2,CHD,#N/A
NA17979,1,CHD,#N/A
NA17980,1,CHD,#N/A
NA17981,2,CHD,#N/A
NA17982,2,CHD,#N/A
NA17983,1,CHD,#N/A
NA17986,1,CHD,#N/A
NA17987,2,CHD,#N/A
NA17988,2,CHD,#N/A
NA17989,1,CHD,#N/A
NA17990,2,CHD,#N/A
NA17991,2,CHD,#N/A
NA17992,1,CHD,#N/A
NA17994,1,CHD,#N/A
NA18000,2,CHD,#N/A
NA18103,1,CHD,#N/A
NA18105,2,CHD,#N/A
NA18106,1,CHD,#N/A
NA18107,2,CHD,#N/A
NA18108,2,CHD,#N/A
NA18109,2,CHD,#N/A
NA18110,2,CHD,#N/A
NA18111,2,CHD,#N/A
NA18112,2,CHD,#N/A
NA18113,1,CHD,#N/A
NA18114,1,CHD,#N/A
NA18115,2,CHD,#N/A
NA18116,2,CHD,#N/A
NA18117,1,CHD,#N/A
NA18118,2,CHD,#N/A
NA18120,1,CHD,#N/A
NA18122,1,CHD,#N/A
NA18123,2,CHD,#N/A
NA18124,1,CHD,#N/A
NA18125,1,CHD,#N/A
NA18126,2,CHD,#N/A
NA18127,1,CHD,#N/A
NA18128,2,CHD,#N/A
NA18129,2,CHD,#N/A
NA18130,1,CHD,#N/A
NA18131,2,CHD,#N/A
NA18132,1,CHD,#N/A
NA18133,1,CHD,#N/A
NA18134,2,CHD,#N/A
NA18135,2,CHD,#N/A
NA18138,1,CHD,#N/A
NA18139,2,CHD,#N/A
NA18140,2,CHD,#N/A
NA18141,1,CHD,#N/A
NA18143,1,CHD,#N/A
NA18144,2,CHD,#N/A
NA18145,1,CHD,#N/A
NA18146,2,CHD,#N/A
NA18147,1,CHD,#N/A
NA18148,2,CHD,#N/A
NA18149,1,CHD,#N/A
NA18150,2,CHD,#N/A
NA18151,2,CHD,#N/A
NA18152,1,CHD,#N/A
NA18153,2,CHD,#N/A
NA18154,2,CHD,#N/A
NA18155,1,CHD,#N/A
NA18156,1,CHD,#N/A
NA18157,2,CHD,#N/A
NA18158,1,CHD,#N/A
NA18159,2,CHD,#N/A
NA18160,1,CHD,#N/A
NA18161,2,CHD,#N/A
NA18162,2,CHD,#N/A
NA18163,1,CHD,#N/A
NA18164,2,CHD,#N/A
NA18166,1,CHD,#N/A
NA18484,2,YRI,AFR
NA18485,1,YRI,AFR
NA18486,1,YRI,AFR
NA18487,1,YRI,AFR
NA18488,2,YRI,AFR
NA18489,2,YRI,AFR
NA18497,1,YRI,AFR
NA18498,1,YRI,AFR
NA18499,2,YRI,AFR
NA18500,1,YRI,AFR
NA18501,1,YRI,AFR
NA18502,2,YRI,AFR
NA18503,1,YRI,AFR
NA18504,1,YRI,AFR
NA18505,2,YRI,AFR
NA18506,1,YRI,AFR
NA18507,1,YRI,AFR
NA18508,2,YRI,AFR
NA18509,1,YRI,AFR
NA18510,1,YRI,AFR
NA18511,2,YRI,AFR
NA18515,1,YRI,AFR
NA18516,1,YRI,AFR
NA18517,2,YRI,AFR
NA18518,2,YRI,AFR
NA18519,1,YRI,AFR
NA18520,2,YRI,AFR
NA18521,1,YRI,AFR
NA18522,1,YRI,AFR
NA18523,2,YRI,AFR
NA18524,1,CHB,EAS
NA18525,2,CHB,EAS
NA18526,2,CHB,EAS
NA18527,2,CHB,EAS
NA18528,2,CHB,EAS
NA18529,2,CHB,EAS
NA18530,1,CHB,EAS
NA18531,2,CHB,EAS
NA18532,2,CHB,EAS
NA18533,2,CHB,EAS
NA18534,1,CHB,EAS
NA18535,2,CHB,EAS
NA18536,1,CHB,EAS
NA18537,2,CHB,EAS
NA18538,2,CHB,EAS
NA18539,2,CHB,EAS
NA18540,2,CHB,EAS
NA18541,2,CHB,EAS
NA18542,2,CHB,EAS
NA18543,1,CHB,EAS
NA18544,1,CHB,EAS
NA18545,2,CHB,EAS
NA18546,1,CHB,EAS
NA18547,2,CHB,EAS
NA18548,1,CHB,EAS
NA18549,1,CHB,EAS
NA18550,2,CHB,EAS
NA18552,2,CHB,EAS
NA18553,2,CHB,EAS
NA18555,2,CHB,EAS
NA18557,1,CHB,EAS
NA18558,1,CHB,EAS
NA18559,1,CHB,EAS
NA18560,2,CHB,EAS
NA18561,1,CHB,EAS
NA18562,1,CHB,EAS
NA18563,1,CHB,EAS
NA18564,2,CHB,EAS
NA18565,2,CHB,EAS
NA18566,2,CHB,EAS
NA18567,2,CHB,EAS
NA18569,2,CHB,EAS
NA18570,2,CHB,EAS
NA18571,2,CHB,EAS
NA18572,1,CHB,EAS
NA18573,2,CHB,EAS
NA18574,2,CHB,EAS
NA18575,2,CHB,EAS
NA18576,2,CHB,EAS
NA18577,2,CHB,EAS
NA18579,2,CHB,EAS
NA18580,2,CHB,EAS
NA18582,2,CHB,EAS
NA18583,2,CHB,EAS
NA18591,2,CHB,EAS
NA18592,2,CHB,EAS
NA18593,2,CHB,EAS
NA18595,2,CHB,EAS
NA18596,2,CHB,EAS
NA18597,2,CHB,EAS
NA18598,2,CHB,EAS
NA18599,2,CHB,EAS
NA18602,2,CHB,EAS
NA18603,1,CHB,EAS
NA18605,1,CHB,EAS
NA18606,1,CHB,EAS
NA18608,1,CHB,EAS
NA18609,1,CHB,EAS
NA18610,2,CHB,EAS
NA18611,1,CHB,EAS
NA18612,1,CHB,EAS
NA18613,1,CHB,EAS
NA18614,2,CHB,EAS
NA18615,2,CHB,EAS
NA18616,2,CHB,EAS
NA18617,2,CHB,EAS
NA18618,2,CHB,EAS
NA18619,2,CHB,EAS
NA18620,1,CHB,EAS
NA18621,1,CHB,EAS
NA18622,1,CHB,EAS
NA18623,1,CHB,EAS
NA18624,1,CHB,EAS
NA18625,2,CHB,EAS
NA18626,2,CHB,EAS
NA18627,2,CHB,EAS
NA18628,2,CHB,EAS
NA18629,1,CHB,EAS
NA18630,2,CHB,EAS
NA18631,2,CHB,EAS
NA18632,1,CHB,EAS
NA18633,1,CHB,EAS
NA18634,2,CHB,EAS
NA18635,1,CHB,EAS
NA18636,1,CHB,EAS
NA18637,1,CHB,EAS
NA18638,1,CHB,EAS
NA18639,1,CHB,EAS
NA18640,2,CHB,EAS
NA18641,2,CHB,EAS
NA18642,2,CHB,EAS
NA18643,1,CHB,EAS
NA18644,2,CHB,EAS
NA18645,1,CHB,EAS
NA18646,2,CHB,EAS
NA18647,1,CHB,EAS
NA18648,1,CHB,EAS
NA18649,2,CHB,EAS
NA18669,1,CHD,#N/A
NA18670,2,CHD,#N/A
NA18671,2,CHD,#N/A
NA18674,1,CHD,#N/A
NA18679,1,CHD,#N/A
NA18683,2,CHD,#N/A
NA18684,2,CHD,#N/A
NA18685,1,CHD,#N/A
NA18687,2,CHD,#N/A
NA18689,1,CHD,#N/A
NA18690,2,CHD,#N/A
NA18691,1,CHD,#N/A
NA18694,2,CHD,#N/A
NA18695,2,CHD,#N/A
NA18696,2,CHD,#N/A
NA18698,1,CHD,#N/A
NA18699,2,CHD,#N/A
NA18701,1,CHD,#N/A
NA18704,2,CHD,#N/A
NA18707,1,CHD,#N/A
NA18708,1,CHD,#N/A
NA18739,2,CHB,EAS
NA18740,1,CHB,EAS
NA18741,2,CHB,EAS
NA18742,2,CHB,EAS
NA18743,2,CHB,EAS
NA18744,2,CHB,EAS
NA18745,1,CHB,EAS
NA18747,1,CHB,EAS
NA18748,1,CHB,EAS
NA18749,1,CHB,EAS
NA18753,2,CHB,EAS
NA18755,2,CHB,EAS
NA18756,2,CHB,EAS
NA18757,1,CHB,EAS
NA18758,2,CHB,EAS
NA18760,2,CHB,EAS
NA18761,1,CHB,EAS
NA18763,2,CHB,EAS
NA18764,1,CHB,EAS
NA18765,1,CHB,EAS
NA18767,2,CHB,EAS
NA18769,1,CHB,EAS
NA18770,1,CHB,EAS
NA18771,2,CHB,EAS
NA18773,1,CHB,EAS
NA18774,2,CHB,EAS
NA18775,2,CHB,EAS
NA18785,2,CHB,EAS
NA18789,2,CHB,EAS
NA18790,2,CHB,EAS
NA18791,1,CHB,EAS
NA18794,1,CHB,EAS
NA18795,2,CHB,EAS
NA18798,1,CHB,EAS
NA18852,2,YRI,AFR
NA18853,1,YRI,AFR
NA18854,1,YRI,AFR
NA18855,2,YRI,AFR
NA18856,1,YRI,AFR
NA18857,1,YRI,AFR
NA18858,2,YRI,AFR
NA18859,1,YRI,AFR
NA18860,1,YRI,AFR
NA18861,2,YRI,AFR
NA18862,1,YRI,AFR
NA18863,1,YRI,AFR
NA18864,2,YRI,AFR
NA18865,1,YRI,AFR
NA18867,2,YRI,AFR
NA18868,1,YRI,AFR
NA18869,1,YRI,AFR
NA18870,2,YRI,AFR
NA18871,1,YRI,AFR
NA18872,1,YRI,AFR
NA18873,2,YRI,AFR
NA18874,1,YRI,AFR
NA18875,2,YRI,AFR
NA18876,2,YRI,AFR
NA18877,1,YRI,AFR
NA18878,2,YRI,AFR
NA18879,1,YRI,AFR
NA18881,2,YRI,AFR
NA18906,2,YRI,AFR
NA18907,2,YRI,AFR
NA18908,1,YRI,AFR
NA18909,2,YRI,AFR
NA18910,1,YRI,AFR
NA18911,1,YRI,AFR
NA18912,2,YRI,AFR
NA18913,1,YRI,AFR
NA18914,1,YRI,AFR
NA18915,1,YRI,AFR
NA18916,2,YRI,AFR
NA18917,1,YRI,AFR
NA18923,1,YRI,AFR
NA18924,2,YRI,AFR
NA18925,1,YRI,AFR
NA18930,2,YRI,AFR
NA18933,2,YRI,AFR
NA18934,1,YRI,AFR
NA18935,1,YRI,AFR
NA18939,2,JPT,EAS
NA18940,1,JPT,EAS
NA18941,2,JPT,EAS
NA18942,2,JPT,EAS
NA18943,1,JPT,EAS
NA18944,1,JPT,EAS
NA18945,1,JPT,EAS
NA18946,2,JPT,EAS
NA18947,2,JPT,EAS
NA18948,1,JPT,EAS
NA18949,2,JPT,EAS
NA18950,2,JPT,EAS
NA18951,2,JPT,EAS
NA18952,1,JPT,EAS
NA18953,1,JPT,EAS
NA18954,2,JPT,EAS
NA18955,1,JPT,EAS
NA18956,2,JPT,EAS
NA18957,2,JPT,EAS
NA18959,1,JPT,EAS
NA18960,1,JPT,EAS
NA18961,1,JPT,EAS
NA18962,1,JPT,EAS
NA18963,2,JPT,EAS
NA18964,2,JPT,EAS
NA18965,1,JPT,EAS
NA18966,1,JPT,EAS
NA18967,1,JPT,EAS
NA18968,2,JPT,EAS
NA18969,2,JPT,EAS
NA18970,1,JPT,EAS
NA18971,1,JPT,EAS
NA18972,2,JPT,EAS
NA18973,2,JPT,EAS
NA18974,1,JPT,EAS
NA18975,2,JPT,EAS
NA18976,2,JPT,EAS
NA18977,1,JPT,EAS
NA18978,2,JPT,EAS
NA18979,2,JPT,EAS
NA18980,2,JPT,EAS
NA18981,2,JPT,EAS
NA18982,1,JPT,EAS
NA18983,1,JPT,EAS
NA18984,1,JPT,EAS
NA18985,1,JPT,EAS
NA18986,1,JPT,EAS
NA18987,2,JPT,EAS
NA18988,1,JPT,EAS
NA18989,1,JPT,EAS
NA18990,1,JPT,EAS
NA18991,2,JPT,EAS
NA18992,2,JPT,EAS
NA18993,2,JPT,EAS
NA18994,1,JPT,EAS
NA18995,1,JPT,EAS
NA18997,2,JPT,EAS
NA18998,2,JPT,EAS
NA18999,2,JPT,EAS
NA19000,1,JPT,EAS
NA19001,2,JPT,EAS
NA19002,2,JPT,EAS
NA19003,2,JPT,EAS
NA19004,1,JPT,EAS
NA19005,1,JPT,EAS
NA19006,1,JPT,EAS
NA19007,1,JPT,EAS
NA19009,1,JPT,EAS
NA19010,2,JPT,EAS
NA19011,2,JPT,EAS
NA19012,1,JPT,EAS
NA19017,2,LWK,AFR
NA19019,2,LWK,AFR
NA19020,1,LWK,AFR
NA19022,2,LWK,AFR
NA19023,2,LWK,AFR
NA19024,2,LWK,AFR
NA19025,1,LWK,AFR
NA19026,1,LWK,AFR
NA19027,1,LWK,AFR
NA19028,1,LWK,AFR
NA19030,2,LWK,AFR
NA19031,1,LWK,AFR
NA19035,1,LWK,AFR
NA19036,2,LWK,AFR
NA19037,2,LWK,AFR
NA19038,2,LWK,AFR
NA19039,2,LWK,AFR
NA19041,1,LWK,AFR
NA19042,2,LWK,AFR
NA19043,1,LWK,AFR
NA19044,1,LWK,AFR
NA19045,1,LWK,AFR
NA19046,1,LWK,AFR
NA19054,2,JPT,EAS
NA19055,1,JPT,EAS
NA19056,1,JPT,EAS
NA19057,2,JPT,EAS
NA19058,1,JPT,EAS
NA19059,2,JPT,EAS
NA19060,1,JPT,EAS
NA19062,1,JPT,EAS
NA19063,1,JPT,EAS
NA19064,2,JPT,EAS
NA19065,2,JPT,EAS
NA19066,1,JPT,EAS
NA19067,1,JPT,EAS
NA19068,1,JPT,EAS
NA19070,1,JPT,EAS
NA19072,1,JPT,EAS
NA19074,2,JPT,EAS
NA19075,1,JPT,EAS
NA19076,1,JPT,EAS
NA19077,2,JPT,EAS
NA19078,2,JPT,EAS
NA19079,1,JPT,EAS
NA19080,2,JPT,EAS
NA19081,2,JPT,EAS
NA19082,1,JPT,EAS
NA19083,1,JPT,EAS
NA19084,2,JPT,EAS
NA19085,1,JPT,EAS
NA19086,1,JPT,EAS
NA19087,2,JPT,EAS
NA19088,1,JPT,EAS
NA19089,1,JPT,EAS
NA19090,2,JPT,EAS
NA19091,1,JPT,EAS
NA19092,1,YRI,AFR
NA19093,2,YRI,AFR
NA19094,2,YRI,AFR
NA19095,2,YRI,AFR
NA19096,1,YRI,AFR
NA19097,2,YRI,AFR
NA19098,1,YRI,AFR
NA19099,2,YRI,AFR
NA19100,2,YRI,AFR
NA19101,1,YRI,AFR
NA19102,2,YRI,AFR
NA19103,1,YRI,AFR
NA19104,1,YRI,AFR
NA19105,2,YRI,AFR
NA19107,1,YRI,AFR
NA19108,2,YRI,AFR
NA19109,2,YRI,AFR
NA19113,1,YRI,AFR
NA19114,2,YRI,AFR
NA19115,2,YRI,AFR
NA19116,2,YRI,AFR
NA19117,1,YRI,AFR
NA19118,2,YRI,AFR
NA19119,1,YRI,AFR
NA19120,1,YRI,AFR
NA19121,1,YRI,AFR
NA19122,2,YRI,AFR
NA19123,1,YRI,AFR
NA19127,2,YRI,AFR
NA19128,1,YRI,AFR
NA19129,2,YRI,AFR
NA19130,1,YRI,AFR
NA19131,2,YRI,AFR
NA19132,2,YRI,AFR
NA19133,2,YRI,AFR
NA19135,2,YRI,AFR
NA19137,2,YRI,AFR
NA19138,1,YRI,AFR
NA19139,1,YRI,AFR
NA19140,2,YRI,AFR
NA19141,1,YRI,AFR
NA19142,1,YRI,AFR
NA19143,2,YRI,AFR
NA19144,1,YRI,AFR
NA19145,1,YRI,AFR
NA19146,1,YRI,AFR
NA19147,2,YRI,AFR
NA19148,2,YRI,AFR
NA19149,2,YRI,AFR
NA19150,1,YRI,AFR
NA19151,2,YRI,AFR
NA19152,2,YRI,AFR
NA19153,1,YRI,AFR
NA19154,1,YRI,AFR
NA19156,1,YRI,AFR
NA19157,2,YRI,AFR
NA19159,2,YRI,AFR
NA19160,1,YRI,AFR
NA19161,1,YRI,AFR
NA19163,2,YRI,AFR
NA19166,2,YRI,AFR
NA19168,1,YRI,AFR
NA19171,1,YRI,AFR
NA19172,2,YRI,AFR
NA19173,1,YRI,AFR
NA19174,1,YRI,AFR
NA19175,1,YRI,AFR
NA19176,2,YRI,AFR
NA19177,1,YRI,AFR
NA19179,2,YRI,AFR
NA19181,1,YRI,AFR
NA19182,2,YRI,AFR
NA19184,1,YRI,AFR
NA19185,2,YRI,AFR
NA19186,1,YRI,AFR
NA19187,1,YRI,AFR
NA19189,1,YRI,AFR
NA19190,2,YRI,AFR
NA19191,1,YRI,AFR
NA19195,1,YRI,AFR
NA19196,2,YRI,AFR
NA19197,2,YRI,AFR
NA19198,1,YRI,AFR
NA19199,2,YRI,AFR
NA19200,1,YRI,AFR
NA19201,2,YRI,AFR
NA19202,2,YRI,AFR
NA19203,1,YRI,AFR
NA19204,2,YRI,AFR
NA19205,1,YRI,AFR
NA19206,2,YRI,AFR
NA19207,1,YRI,AFR
NA19208,1,YRI,AFR
NA19209,2,YRI,AFR
NA19210,1,YRI,AFR
NA19211,1,YRI,AFR
NA19213,1,YRI,AFR
NA19214,2,YRI,AFR
NA19215,2,YRI,AFR
NA19216,2,YRI,AFR
NA19217,1,YRI,AFR
NA19220,1,YRI,AFR
NA19221,2,YRI,AFR
NA19222,2,YRI,AFR
NA19223,1,YRI,AFR
NA19224,1,YRI,AFR
NA19225,2,YRI,AFR
NA19226,1,YRI,AFR
NA19229,2,YRI,AFR
NA19235,2,YRI,AFR
NA19236,1,YRI,AFR
NA19237,2,YRI,AFR
NA19238,2,YRI,AFR
NA19239,1,YRI,AFR
NA19240,2,YRI,AFR
NA19247,2,YRI,AFR
NA19248,1,YRI,AFR
NA19249,1,YRI,AFR
NA19250,2,YRI,AFR
NA19252,1,YRI,AFR
NA19253,1,YRI,AFR
NA19254,2,YRI,AFR
NA19256,1,YRI,AFR
NA19257,2,YRI,AFR
NA19258,1,YRI,AFR
NA19259,1,YRI,AFR
NA19260,2,YRI,AFR
NA19262,1,YRI,AFR
NA19266,2,YRI,AFR
NA19307,1,LWK,AFR
NA19308,1,LWK,AFR
NA19309,1,LWK,AFR
NA19310,2,LWK,AFR
NA19311,1,LWK,AFR
NA19312,1,LWK,AFR
NA19313,2,LWK,AFR
NA19314,2,LWK,AFR
NA19315,2,LWK,AFR
NA19316,2,LWK,AFR
NA19317,1,LWK,AFR
NA19318,1,LWK,AFR
NA19319,1,LWK,AFR
NA19320,2,LWK,AFR
NA19321,2,LWK,AFR
NA19323,2,LWK,AFR
NA19324,2,LWK,AFR
NA19327,2,LWK,AFR
NA19328,2,LWK,AFR
NA19331,1,LWK,AFR
NA19332,2,LWK,AFR
NA19334,1,LWK,AFR
NA19338,2,LWK,AFR
NA19346,1,LWK,AFR
NA19347,1,LWK,AFR
NA19350,1,LWK,AFR
NA19351,2,LWK,AFR
NA19352,1,LWK,AFR
NA19355,2,LWK,AFR
NA19359,1,LWK,AFR
NA19360,1,LWK,AFR
NA19371,1,LWK,AFR
NA19372,1,LWK,AFR
NA19373,1,LWK,AFR
NA19374,1,LWK,AFR
NA19375,1,LWK,AFR
NA19376,1,LWK,AFR
NA19377,2,LWK,AFR
NA19378,2,LWK,AFR
NA19379,2,LWK,AFR
NA19380,1,LWK,AFR
NA19381,2,LWK,AFR
NA19382,1,LWK,AFR
NA19383,1,LWK,AFR
NA19384,1,LWK,AFR
NA19385,1,LWK,AFR
NA19390,2,LWK,AFR
NA19391,2,LWK,AFR
NA19392,2,LWK,AFR
NA19393,1,LWK,AFR
NA19394,1,LWK,AFR
NA19395,2,LWK,AFR
NA19396,2,LWK,AFR
NA19397,1,LWK,AFR
NA19398,2,LWK,AFR
NA19399,2,LWK,AFR
NA19401,2,LWK,AFR
NA19402,2,LWK,AFR
NA19403,2,LWK,AFR
NA19404,2,LWK,AFR
NA19428,1,LWK,AFR
NA19429,1,LWK,AFR
NA19430,1,LWK,AFR
NA19431,2,LWK,AFR
NA19432,2,LWK,AFR
NA19434,2,LWK,AFR
NA19435,2,LWK,AFR
NA19436,2,LWK,AFR
NA19437,2,LWK,AFR
NA19438,2,LWK,AFR
NA19439,2,LWK,AFR
NA19440,2,LWK,AFR
NA19441,2,LWK,AFR
NA19443,1,LWK,AFR
NA19444,1,LWK,AFR
NA19445,2,LWK,AFR
NA19446,2,LWK,AFR
NA19448,1,LWK,AFR
NA19449,2,LWK,AFR
NA19451,1,LWK,AFR
NA19452,1,LWK,AFR
NA19453,1,LWK,AFR
NA19454,1,LWK,AFR
NA19455,1,LWK,AFR
NA19456,2,LWK,AFR
NA19457,2,LWK,AFR
NA19461,1,LWK,AFR
NA19462,2,LWK,AFR
NA19463,2,LWK,AFR
NA19466,1,LWK,AFR
NA19467,2,LWK,AFR
NA19468,2,LWK,AFR
NA19469,2,LWK,AFR
NA19470,2,LWK,AFR
NA19471,2,LWK,AFR
NA19472,2,LWK,AFR
NA19473,2,LWK,AFR
NA19474,2,LWK,AFR
NA19475,2,LWK,AFR
NA19546,2,JPT,EAS
NA19550,2,JPT,EAS
NA19551,2,JPT,EAS
NA19552,2,JPT,EAS
NA19553,2,JPT,EAS
NA19554,2,JPT,EAS
NA19555,1,JPT,EAS
NA19556,1,JPT,EAS
NA19558,1,JPT,EAS
NA19559,1,JPT,EAS
NA19560,2,JPT,EAS
NA19561,2,JPT,EAS
NA19562,2,JPT,EAS
NA19563,2,JPT,EAS
NA19564,2,JPT,EAS
NA19565,2,JPT,EAS
NA19566,2,JPT,EAS
NA19568,2,JPT,EAS
NA19569,2,JPT,EAS
NA19572,2,JPT,EAS
NA19573,2,JPT,EAS
NA19574,2,JPT,EAS
NA19625,2,ASW,AFR
NA19648,2,MXL,AMR
NA19649,1,MXL,AMR
NA19650,1,MXL,AMR
NA19651,2,MXL,AMR
NA19652,1,MXL,AMR
NA19653,2,MXL,AMR
NA19654,2,MXL,AMR
NA19655,1,MXL,AMR
NA19656,2,MXL,AMR
NA19657,2,MXL,AMR
NA19658,1,MXL,AMR
NA19659,2,MXL,AMR
NA19660,2,MXL,AMR
NA19661,1,MXL,AMR
NA19662,2,MXL,AMR
NA19663,2,MXL,AMR
NA19664,1,MXL,AMR
NA19665,2,MXL,AMR
NA19669,2,MXL,AMR
NA19670,1,MXL,AMR
NA19671,2,MXL,AMR
NA19672,2,MXL,AMR
NA19674,1,MXL,AMR
NA19675,2,MXL,AMR
NA19676,1,MXL,AMR
NA19677,2,MXL,AMR
NA19678,2,MXL,AMR
NA19679,1,MXL,AMR
NA19680,2,MXL,AMR
NA19681,2,MXL,AMR
NA19682,1,MXL,AMR
NA19683,2,MXL,AMR
NA19684,2,MXL,AMR
NA19685,1,MXL,AMR
NA19686,2,MXL,AMR
NA19700,1,ASW,AFR
NA19701,2,ASW,AFR
NA19702,1,ASW,AFR
NA19703,1,ASW,AFR
NA19704,2,ASW,AFR
NA19705,1,ASW,AFR
NA19707,2,ASW,AFR
NA19708,2,ASW,AFR
NA19711,1,ASW,AFR
NA19712,2,ASW,AFR
NA19713,2,ASW,AFR
NA19714,2,ASW,AFR
NA19716,2,MXL,AMR
NA19717,1,MXL,AMR
NA19718,2,MXL,AMR
NA19719,2,MXL,AMR
NA19720,1,MXL,AMR
NA19721,2,MXL,AMR
NA19722,2,MXL,AMR
NA19723,1,MXL,AMR
NA19724,1,MXL,AMR
NA19725,2,MXL,AMR
NA19726,1,MXL,AMR
NA19727,1,MXL,AMR
NA19728,2,MXL,AMR
NA19729,1,MXL,AMR
NA19730,2,MXL,AMR
NA19731,2,MXL,AMR
NA19732,1,MXL,AMR
NA19733,2,MXL,AMR
NA19734,2,MXL,AMR
NA19735,1,MXL,AMR
NA19737,2,MXL,AMR
NA19738,1,MXL,AMR
NA19740,2,MXL,AMR
NA19741,1,MXL,AMR
NA19742,1,MXL,AMR
NA19746,2,MXL,AMR
NA19747,1,MXL,AMR
NA19748,2,MXL,AMR
NA19749,2,MXL,AMR
NA19750,1,MXL,AMR
NA19751,1,MXL,AMR
NA19752,2,MXL,AMR
NA19753,1,MXL,AMR
NA19754,2,MXL,AMR
NA19755,2,MXL,AMR
NA19756,1,MXL,AMR
NA19757,1,MXL,AMR
NA19758,2,MXL,AMR
NA19759,1,MXL,AMR
NA19760,2,MXL,AMR
NA19761,2,MXL,AMR
NA19762,1,MXL,AMR
NA19763,2,MXL,AMR
NA19764,2,MXL,AMR
NA19766,2,MXL,AMR
NA19770,2,MXL,AMR
NA19771,1,MXL,AMR
NA19772,1,MXL,AMR
NA19773,2,MXL,AMR
NA19774,1,MXL,AMR
NA19775,2,MXL,AMR
NA19776,2,MXL,AMR
NA19777,1,MXL,AMR
NA19778,1,MXL,AMR
NA19779,2,MXL,AMR
NA19780,1,MXL,AMR
NA19781,2,MXL,AMR
NA19782,2,MXL,AMR
NA19783,1,MXL,AMR
NA19784,1,MXL,AMR
NA19785,2,MXL,AMR
NA19786,1,MXL,AMR
NA19787,1,MXL,AMR
NA19788,2,MXL,AMR
NA19789,1,MXL,AMR
NA19790,2,MXL,AMR
NA19792,1,MXL,AMR
NA19794,2,MXL,AMR
NA19795,1,MXL,AMR
NA19796,1,MXL,AMR
NA19797,2,MXL,AMR
NA19798,1,MXL,AMR
NA19818,1,ASW,AFR
NA19819,2,ASW,AFR
NA19828,1,ASW,AFR
NA19834,1,ASW,AFR
NA19835,2,ASW,AFR
NA19836,2,ASW,AFR
NA19900,1,ASW,AFR
NA19901,2,ASW,AFR
NA19902,2,ASW,AFR
NA19904,1,ASW,AFR
NA19905,2,ASW,AFR
NA19908,1,ASW,AFR
NA19909,2,ASW,AFR
NA19913,2,ASW,AFR
NA19914,2,ASW,AFR
NA19915,1,ASW,AFR
NA19916,1,ASW,AFR
NA19917,2,ASW,AFR
NA19918,1,ASW,AFR
NA19919,1,ASW,AFR
NA19920,1,ASW,AFR
NA19921,2,ASW,AFR
NA19922,1,ASW,AFR
NA19923,2,ASW,AFR
NA19924,2,ASW,AFR
NA19982,1,ASW,AFR
NA19983,2,ASW,AFR
NA19984,1,ASW,AFR
NA19985,2,ASW,AFR
NA20126,1,ASW,AFR
NA20127,2,ASW,AFR
NA20128,2,ASW,AFR
NA20129,2,ASW,AFR
NA20274,2,ASW,AFR
NA20276,2,ASW,AFR
NA20277,2,ASW,AFR
NA20278,1,ASW,AFR
NA20279,1,ASW,AFR
NA20281,1,ASW,AFR
NA20282,2,ASW,AFR
NA20284,1,ASW,AFR
NA20285,1,ASW,AFR
NA20287,2,ASW,AFR
NA20288,1,ASW,AFR
NA20289,2,ASW,AFR
NA20290,2,ASW,AFR
NA20291,1,ASW,AFR
NA20292,2,ASW,AFR
NA20294,2,ASW,AFR
NA20295,1,ASW,AFR
NA20296,2,ASW,AFR
NA20297,1,ASW,AFR
NA20298,1,ASW,AFR
NA20299,2,ASW,AFR
NA20300,2,ASW,AFR
NA20301,2,ASW,AFR
NA20302,1,ASW,AFR
NA20312,2,ASW,AFR
NA20313,2,ASW,AFR
NA20314,2,ASW,AFR
NA20316,1,ASW,AFR
NA20317,2,ASW,AFR
NA20318,1,ASW,AFR
NA20319,2,ASW,AFR
NA20320,2,ASW,AFR
NA20321,2,ASW,AFR
NA20322,2,ASW,AFR
NA20332,2,ASW,AFR
NA20333,2,ASW,AFR
NA20334,2,ASW,AFR
NA20335,1,ASW,AFR
NA20336,2,ASW,AFR
NA20337,2,ASW,AFR
NA20339,2,ASW,AFR
NA20340,1,ASW,AFR
NA20341,2,ASW,AFR
NA20342,1,ASW,AFR
NA20343,1,ASW,AFR
NA20344,2,ASW,AFR
NA20345,1,ASW,AFR
NA20346,1,ASW,AFR
NA20347,1,ASW,AFR
NA20348,1,ASW,AFR
NA20349,1,ASW,AFR
NA20350,1,ASW,AFR
NA20351,1,ASW,AFR
NA20355,2,ASW,AFR
NA20356,1,ASW,AFR
NA20357,2,ASW,AFR
NA20358,1,ASW,AFR
NA20359,2,ASW,AFR
NA20360,1,ASW,AFR
NA20361,2,ASW,AFR
NA20362,1,ASW,AFR
NA20363,2,ASW,AFR
NA20364,2,ASW,AFR
NA20412,2,ASW,AFR
NA20413,1,ASW,AFR
NA20414,2,ASW,AFR
NA20502,2,TSI,EUR
NA20503,2,TSI,EUR
NA20504,2,TSI,EUR
NA20505,2,TSI,EUR
NA20506,2,TSI,EUR
NA20507,2,TSI,EUR
NA20508,2,TSI,EUR
NA20509,1,TSI,EUR
NA20510,1,TSI,EUR
NA20511,1,TSI,EUR
NA20512,1,TSI,EUR
NA20513,1,TSI,EUR
NA20514,2,TSI,EUR
NA20515,1,TSI,EUR
NA20516,1,TSI,EUR
NA20517,2,TSI,EUR
NA20518,1,TSI,EUR
NA20519,1,TSI,EUR
NA20520,1,TSI,EUR
NA20521,1,TSI,EUR
NA20522,2,TSI,EUR
NA20524,1,TSI,EUR
NA20525,1,TSI,EUR
NA20526,2,TSI,EUR
NA20527,1,TSI,EUR
NA20528,1,TSI,EUR
NA20529,2,TSI,EUR
NA20530,2,TSI,EUR
NA20531,2,TSI,EUR
NA20532,1,TSI,EUR
NA20533,2,TSI,EUR
NA20534,1,TSI,EUR
NA20535,2,TSI,EUR
NA20536,1,TSI,EUR
NA20537,1,TSI,EUR
NA20538,1,TSI,EUR
NA20539,1,TSI,EUR
NA20540,2,TSI,EUR
NA20541,2,TSI,EUR
NA20542,2,TSI,EUR
NA20543,1,TSI,EUR
NA20544,1,TSI,EUR
NA20581,1,TSI,EUR
NA20582,2,TSI,EUR
NA20585,2,TSI,EUR
NA20586,1,TSI,EUR
NA20587,2,TSI,EUR
NA20588,1,TSI,EUR
NA20589,2,TSI,EUR
NA20752,1,TSI,EUR
NA20753,2,TSI,EUR
NA20754,1,TSI,EUR
NA20755,1,TSI,EUR
NA20756,2,TSI,EUR
NA20757,2,TSI,EUR
NA20758,1,TSI,EUR
NA20759,1,TSI,EUR
NA20760,2,TSI,EUR
NA20761,2,TSI,EUR
NA20762,1,TSI,EUR
NA20763,1,TSI,EUR
NA20764,2,TSI,EUR
NA20765,1,TSI,EUR
NA20766,2,TSI,EUR
NA20767,1,TSI,EUR
NA20768,2,TSI,EUR
NA20769,2,TSI,EUR
NA20770,1,TSI,EUR
NA20771,2,TSI,EUR
NA20772,2,TSI,EUR
NA20773,2,TSI,EUR
NA20774,2,TSI,EUR
NA20775,2,TSI,EUR
NA20778,1,TSI,EUR
NA20783,1,TSI,EUR
NA20785,1,TSI,EUR
NA20786,2,TSI,EUR
NA20787,1,TSI,EUR
NA20790,2,TSI,EUR
NA20792,1,TSI,EUR
NA20795,2,TSI,EUR
NA20796,1,TSI,EUR
NA20797,2,TSI,EUR
NA20798,1,TSI,EUR
NA20799,2,TSI,EUR
NA20800,2,TSI,EUR
NA20801,1,TSI,EUR
NA20802,2,TSI,EUR
NA20803,1,TSI,EUR
NA20804,2,TSI,EUR
NA20805,1,TSI,EUR
NA20806,1,TSI,EUR
NA20807,2,TSI,EUR
NA20808,2,TSI,EUR
NA20809,1,TSI,EUR
NA20810,1,TSI,EUR
NA20811,1,TSI,EUR
NA20812,1,TSI,EUR
NA20813,2,TSI,EUR
NA20814,1,TSI,EUR
NA20815,1,TSI,EUR
NA20816,1,TSI,EUR
NA20818,2,TSI,EUR
NA20819,2,TSI,EUR
NA20821,2,TSI,EUR
NA20822,2,TSI,EUR
NA20826,2,TSI,EUR
NA20827,1,TSI,EUR
NA20828,2,TSI,EUR
NA20829,1,TSI,EUR
NA20831,1,TSI,EUR
NA20832,2,TSI,EUR
NA20845,1,GIH,SAS
NA20846,1,GIH,SAS
NA20847,2,GIH,SAS
NA20849,2,GIH,SAS
NA20850,1,GIH,SAS
NA20851,2,GIH,SAS
NA20852,1,GIH,SAS
NA20853,2,GIH,SAS
NA20854,2,GIH,SAS
NA20856,2,GIH,SAS
NA20858,1,GIH,SAS
NA20859,2,GIH,SAS
NA20861,1,GIH,SAS
NA20862,2,GIH,SAS
NA20863,1,GIH,SAS
NA20864,1,GIH,SAS
NA20866,1,GIH,SAS
NA20867,1,GIH,SAS
NA20868,2,GIH,SAS
NA20869,2,GIH,SAS
NA20870,1,GIH,SAS
NA20871,1,GIH,SAS
NA20872,2,GIH,SAS
NA20873,1,GIH,SAS
NA20874,2,GIH,SAS
NA20875,2,GIH,SAS
NA20876,2,GIH,SAS
NA20877,2,GIH,SAS
NA20878,2,GIH,SAS
NA20879,2,GIH,SAS
NA20881,2,GIH,SAS
NA20882,2,GIH,SAS
NA20883,1,GIH,SAS
NA20884,1,GIH,SAS
NA20885,1,GIH,SAS
NA20886,2,GIH,SAS
NA20887,1,GIH,SAS
NA20888,2,GIH,SAS
NA20889,1,GIH,SAS
NA20890,1,GIH,SAS
NA20891,1,GIH,SAS
NA20892,2,GIH,SAS
NA20893,2,GIH,SAS
NA20894,2,GIH,SAS
NA20895,1,GIH,SAS
NA20896,2,GIH,SAS
NA20897,1,GIH,SAS
NA20898,1,GIH,SAS
NA20899,2,GIH,SAS
NA20900,2,GIH,SAS
NA20901,1,GIH,SAS
NA20902,2,GIH,SAS
NA20903,1,GIH,SAS
NA20904,1,GIH,SAS
NA20905,1,GIH,SAS
NA20906,2,GIH,SAS
NA20907,2,GIH,SAS
NA20908,2,GIH,SAS
NA20909,1,GIH,SAS
NA20910,2,GIH,SAS
NA20911,1,GIH,SAS
NA21086,2,GIH,SAS
NA21087,1,GIH,SAS
NA21088,2,GIH,SAS
NA21089,2,GIH,SAS
NA21090,1,GIH,SAS
NA21091,1,GIH,SAS
NA21092,1,GIH,SAS
NA21093,1,GIH,SAS
NA21094,1,GIH,SAS
NA21095,1,GIH,SAS
NA21097,2,GIH,SAS
NA21098,1,GIH,SAS
NA21099,1,GIH,SAS
NA21100,1,GIH,SAS
NA21101,2,GIH,SAS
NA21102,2,GIH,SAS
NA21103,2,GIH,SAS
NA21104,1,GIH,SAS
NA21105,1,GIH,SAS
NA21106,2,GIH,SAS
NA21107,1,GIH,SAS
NA21108,2,GIH,SAS
NA21109,1,GIH,SAS
NA21110,2,GIH,SAS
NA21111,1,GIH,SAS
NA21112,1,GIH,SAS
NA21113,1,GIH,SAS
NA21114,1,GIH,SAS
NA21115,1,GIH,SAS
NA21116,1,GIH,SAS
NA21117,1,GIH,SAS
NA21118,1,GIH,SAS
NA21119,1,GIH,SAS
NA21120,2,GIH,SAS
NA21121,2,GIH,SAS
NA21122,2,GIH,SAS
NA21123,1,GIH,SAS
NA21124,1,GIH,SAS
NA21125,2,GIH,SAS
NA21126,1,GIH,SAS
NA21127,1,GIH,SAS
NA21128,1,GIH,SAS
NA21129,1,GIH,SAS
NA21130,1,GIH,SAS
NA21133,1,GIH,SAS
NA21134,1,GIH,SAS
NA21135,1,GIH,SAS
NA21137,2,GIH,SAS
NA21141,2,GIH,SAS
NA21142,2,GIH,SAS
NA21143,2,GIH,SAS
NA21144,2,GIH,SAS
